directory,config,payload_bytes,phase,offered_rate,repetition,order_round,order_position,started_at,sentinel_median_fsync_ms,sentinel_p95_fsync_ms,sentinel_p99_fsync_ms,sentinel_samples,regime,regime_after,achieved_per_sec,error_rate,p50_ms,p99_ms,stable,leader_cpu_pct
comparison,baseline,1024,ladder,100,0,0,0,2026-10-05T04:20:55.324Z,0.309,0.649,0.891,301,fast,fast,100,0,4.683,15.663,true,25.8
comparison,group-commit,1024,ladder,100,0,0,1,2026-10-05T04:21:25.087Z,0.324,0.495,0.619,301,fast,fast,100,0,2.725,13.951,true,21.2
comparison,optimized-binary,16384,ladder,100,0,0,2,2026-10-05T04:21:54.962Z,0.312,0.481,0.615,301,fast,fast,100,0,2.335,4.739,true,20.2
comparison,pipeline-only,1024,ladder,100,0,0,3,2026-10-05T04:22:24.635Z,0.347,0.516,0.623,301,fast,fast,100,0,4.551,7.919,true,24.1
comparison,optimized-http,16384,ladder,100,0,0,4,2026-10-05T04:22:54.267Z,0.311,0.398,0.458,301,fast,fast,100,0,2.651,6.291,true,26.3
comparison,batch-only,1024,ladder,100,0,0,5,2026-10-05T04:23:24.094Z,0.309,0.41,0.496,301,fast,fast,100,0,4.347,14.559,true,24.9
comparison,baseline,16384,ladder,100,0,0,6,2026-10-05T04:23:53.938Z,0.347,0.508,0.67,301,fast,fast,100,0,4.219,14.087,true,24.2
comparison,group-batch,1024,ladder,100,0,0,7,2026-10-05T04:24:23.659Z,0.393,0.548,0.753,301,fast,fast,100,0,1.942,12.191,true,16.6
comparison,optimized-binary,64,ladder,100,0,0,8,2026-10-05T04:24:53.201Z,0.377,0.493,0.675,301,fast,fast,100,0,1.532,2.789,true,7
comparison,group-batch-pipeline,1024,ladder,100,0,0,9,2026-10-05T04:25:22.827Z,0.376,0.512,0.586,301,fast,fast,100,0,2.091,3.863,true,18.4
comparison,optimized-http,64,ladder,100,0,0,10,2026-10-05T04:25:52.662Z,0.364,0.569,0.744,301,fast,fast,100,0,1.917,3.179,true,15.2
comparison,optimized-http,1024,ladder,100,0,0,11,2026-10-05T04:26:22.307Z,0.362,0.535,0.634,301,fast,fast,100,0,1.994,3.465,true,12.6
comparison,baseline,64,ladder,100,0,0,12,2026-10-05T04:26:51.887Z,0.322,0.483,0.644,300,fast,fast,100,0,4.299,13.927,true,23.8
comparison,optimized-binary,1024,ladder,100,0,0,13,2026-10-05T04:27:21.621Z,0.326,0.49,0.598,301,fast,fast,100,0,1.618,2.923,true,8.1
comparison,transport-only,1024,ladder,100,0,0,14,2026-10-05T04:27:51.259Z,0.339,0.515,0.608,301,fast,fast,100,0,3.361,13.151,true,10.9
comparison,group-commit,1024,ladder,100,1,1,0,2026-10-05T04:28:21.017Z,0.32,0.422,0.606,301,fast,fast,100,0,2.026,12.247,true,15.8
comparison,pipeline-only,1024,ladder,100,1,1,1,2026-10-05T04:28:50.588Z,0.339,0.499,0.591,301,fast,fast,100,0,3.877,6.183,true,23.8
comparison,baseline,1024,ladder,100,1,1,2,2026-10-05T04:29:20.214Z,0.355,0.49,0.56,301,fast,fast,99.9,0,4.187,13.703,true,13.6
comparison,batch-only,1024,ladder,100,1,1,3,2026-10-05T04:29:49.946Z,0.354,0.466,0.584,301,fast,fast,100,0,4.123,13.735,true,22.1
comparison,optimized-binary,16384,ladder,100,1,1,4,2026-10-05T04:30:19.763Z,0.344,0.464,0.534,301,fast,fast,100,0,1.751,3.255,true,15.4
comparison,group-batch,1024,ladder,100,1,1,5,2026-10-05T04:30:49.398Z,0.343,0.458,0.585,301,fast,fast,100,0,2.201,12.511,true,18.1
comparison,optimized-http,16384,ladder,100,1,1,6,2026-10-05T04:31:19.038Z,0.353,0.485,0.556,301,fast,fast,100,0,2.053,3.283,true,18.8
comparison,group-batch-pipeline,1024,ladder,100,1,1,7,2026-10-05T04:31:48.910Z,0.346,0.51,0.624,300,fast,fast,100,0,1.939,3.237,true,16
comparison,baseline,16384,ladder,100,1,1,8,2026-10-05T04:32:18.460Z,0.326,0.44,0.494,301,fast,fast,100,0,4.259,14.127,true,23.2
comparison,optimized-http,1024,ladder,100,1,1,9,2026-10-05T04:32:48.013Z,0.334,0.508,0.691,301,fast,fast,100,0,1.949,3.323,true,14
comparison,optimized-binary,64,ladder,100,1,1,10,2026-10-05T04:33:17.841Z,0.324,0.463,0.554,301,fast,fast,100,0,1.546,2.927,true,7.3
comparison,optimized-binary,1024,ladder,100,1,1,11,2026-10-05T04:33:47.521Z,0.31,0.573,0.781,300,fast,fast,100,0,1.607,2.951,true,12.4
comparison,optimized-http,64,ladder,100,1,1,12,2026-10-05T04:34:17.283Z,0.324,0.443,0.52,301,fast,fast,100,0,1.957,3.371,true,16.6
comparison,transport-only,1024,ladder,100,1,1,13,2026-10-05T04:34:46.994Z,0.343,0.537,0.689,300,fast,fast,100,0,3.807,13.239,true,20
comparison,baseline,64,ladder,100,1,1,14,2026-10-05T04:35:16.846Z,0.327,0.418,0.503,300,fast,fast,100,0,3.941,13.711,true,22
comparison,pipeline-only,1024,ladder,100,2,2,0,2026-10-05T04:35:46.490Z,0.346,0.523,0.688,301,fast,slow,100,0,5.027,47.423,true,16.5
comparison,batch-only,1024,ladder,100,2,2,1,2026-10-05T04:36:16.057Z,1.671,1.81,1.874,301,slow,slow,100,0,18.655,30.031,true,18.2
comparison,group-commit,1024,ladder,100,2,2,2,2026-10-05T04:36:46.661Z,1.667,1.907,2.053,301,slow,fast,100,0,4.503,14.775,true,14.5
comparison,group-batch,1024,ladder,100,2,2,3,2026-10-05T04:37:16.484Z,0.368,0.469,0.572,301,fast,fast,100,0,1.987,12.183,true,16.2
comparison,baseline,1024,ladder,100,2,2,4,2026-10-05T04:37:46.149Z,0.331,0.421,0.525,300,fast,fast,100,0,4.151,13.599,true,16.7
comparison,group-batch-pipeline,1024,ladder,100,2,2,5,2026-10-05T04:38:15.983Z,0.366,0.506,0.603,301,fast,fast,100,0,1.94,3.285,true,13.1
comparison,optimized-binary,16384,ladder,100,2,2,6,2026-10-05T04:38:45.607Z,0.333,0.466,0.549,301,fast,fast,100,0,1.74,2.833,true,10.5
comparison,optimized-http,1024,ladder,100,2,2,7,2026-10-05T04:39:15.185Z,0.365,0.556,0.664,301,fast,fast,100,0,2.029,3.361,true,15.2
comparison,optimized-http,16384,ladder,100,2,2,8,2026-10-05T04:39:44.715Z,0.337,0.471,0.53,300,fast,fast,100,0,2.145,5.307,true,24
comparison,optimized-binary,1024,ladder,100,2,2,9,2026-10-05T04:40:14.253Z,0.343,0.504,0.592,301,fast,fast,100,0,1.489,2.775,true,9.1
comparison,baseline,16384,ladder,100,2,2,10,2026-10-05T04:40:43.908Z,0.344,0.468,0.546,301,fast,fast,100,0,4.171,14.071,true,16.9
comparison,transport-only,1024,ladder,100,2,2,11,2026-10-05T04:41:13.534Z,0.352,0.494,0.579,301,fast,fast,100,0,3.659,13.135,true,13.2
comparison,optimized-binary,64,ladder,100,2,2,12,2026-10-05T04:41:43.220Z,0.38,0.556,0.685,301,fast,slow,100,0,1.555,7.175,true,9.2
comparison,baseline,64,ladder,100,2,2,13,2026-10-05T04:42:12.704Z,1.65,2.103,2.927,301,slow,slow,100,0,20.575,34.591,true,16.5
comparison,optimized-http,64,ladder,100,2,2,14,2026-10-05T04:42:42.425Z,1.666,1.861,2.018,301,slow,slow,100,0,4.627,9.543,true,12.3
comparison,batch-only,1024,ladder,100,3,3,0,2026-10-05T04:43:12.083Z,1.638,1.866,2.053,301,slow,fast,100,0,14.031,30.463,true,20.2
comparison,group-batch,1024,ladder,100,3,3,1,2026-10-05T04:43:41.670Z,0.399,0.548,0.633,301,fast,fast,100,0,2.111,12.343,true,16.3
comparison,pipeline-only,1024,ladder,100,3,3,2,2026-10-05T04:44:11.336Z,0.395,0.59,0.711,301,fast,fast,100,0,4.343,6.059,true,25.2
comparison,group-batch-pipeline,1024,ladder,100,3,3,3,2026-10-05T04:44:41.021Z,0.37,0.546,0.723,301,fast,fast,100,0,2.119,3.529,true,17.3
comparison,group-commit,1024,ladder,100,3,3,4,2026-10-05T04:45:10.663Z,0.36,0.554,0.617,301,fast,fast,100,0,2.169,12.367,true,17.6
comparison,optimized-http,1024,ladder,100,3,3,5,2026-10-05T04:45:40.217Z,0.381,0.584,0.675,300,fast,fast,100,0,1.974,3.389,true,15.7
comparison,baseline,1024,ladder,100,3,3,6,2026-10-05T04:46:09.867Z,0.352,0.48,0.589,301,fast,fast,100,0,4.027,13.855,true,22.6
comparison,optimized-binary,1024,ladder,100,3,3,7,2026-10-05T04:46:39.530Z,0.364,0.514,0.619,301,fast,fast,100,0,1.588,2.915,true,11
comparison,transport-only,1024,ladder,100,3,3,8,2026-10-05T04:47:09.047Z,0.433,0.583,0.72,301,fast,fast,100,0,3.359,13.279,true,17.4
comparison,group-batch,1024,ladder,100,4,4,0,2026-10-05T04:47:38.786Z,0.398,0.521,0.638,301,fast,fast,100,0,1.895,12.039,true,13.9
comparison,group-batch-pipeline,1024,ladder,100,4,4,1,2026-10-05T04:48:08.360Z,0.336,0.478,0.681,301,fast,fast,100,0,1.872,3.305,true,14.1
comparison,batch-only,1024,ladder,100,4,4,2,2026-10-05T04:48:38.101Z,0.344,0.519,0.613,301,fast,fast,100,0,4.107,13.775,true,15.6
comparison,optimized-http,1024,ladder,100,4,4,3,2026-10-05T04:49:07.704Z,0.329,0.459,0.616,301,fast,fast,100,0,1.928,3.243,true,16.2
comparison,pipeline-only,1024,ladder,100,4,4,4,2026-10-05T04:49:37.291Z,0.351,0.444,0.542,301,fast,fast,100,0,3.859,5.267,true,25.1
comparison,optimized-binary,1024,ladder,100,4,4,5,2026-10-05T04:50:06.929Z,0.337,0.5,0.624,301,fast,fast,100,0,1.542,2.859,true,7.5
comparison,group-commit,1024,ladder,100,4,4,6,2026-10-05T04:50:36.572Z,0.339,0.451,0.555,301,fast,fast,100,0,2.059,12.391,true,16.3
comparison,transport-only,1024,ladder,100,4,4,7,2026-10-05T04:51:06.279Z,0.376,0.571,0.776,300,fast,fast,100,0,3.635,13.143,true,16.1
comparison,baseline,1024,ladder,100,4,4,8,2026-10-05T04:51:35.835Z,0.344,0.549,0.628,301,fast,fast,100,0,4.275,13.759,true,23.5
comparison,group-batch-pipeline,1024,ladder,200,0,5,0,2026-10-05T04:52:05.671Z,0.324,0.452,0.584,301,fast,fast,200,0,1.741,2.779,true,27.3
comparison,optimized-http,1024,ladder,200,0,5,1,2026-10-05T04:52:35.348Z,0.32,0.529,0.759,301,fast,fast,200,0,1.746,2.893,true,28.1
comparison,group-batch,1024,ladder,200,0,5,2,2026-10-05T04:53:04.917Z,0.344,0.511,0.608,301,fast,fast,200,0,1.847,7.159,true,26.6
comparison,optimized-binary,1024,ladder,200,0,5,3,2026-10-05T04:53:34.533Z,0.322,0.525,1.111,301,fast,fast,200,0,1.407,2.519,true,13.5
comparison,batch-only,1024,ladder,200,0,5,4,2026-10-05T04:54:04.194Z,0.377,0.52,0.631,301,fast,fast,200,0,4.807,10.495,true,30.8
comparison,transport-only,1024,ladder,200,0,5,5,2026-10-05T04:54:33.820Z,0.365,0.476,0.531,301,fast,slow,199.7,0,45.279,60.447,false,19.8
comparison,pipeline-only,1024,ladder,200,0,5,6,2026-10-05T04:55:03.458Z,1.707,1.91,2.071,301,slow,slow,199.9,0,441.087,512.767,true,15.8
comparison,baseline,64,ladder,200,0,5,7,2026-10-05T04:55:33.395Z,1.774,2.059,2.237,301,slow,fast,200.4,0,4.283,58.911,true,38
comparison,group-commit,1024,ladder,200,0,5,8,2026-10-05T04:56:03.201Z,0.307,0.445,0.641,301,fast,fast,200,0,1.851,7.103,true,27
comparison,optimized-http,64,ladder,200,0,5,9,2026-10-05T04:56:32.968Z,0.397,0.525,0.669,301,fast,fast,200,0,1.655,2.793,true,28.1
comparison,baseline,1024,ladder,200,0,5,10,2026-10-05T04:57:02.634Z,0.34,0.541,0.792,301,fast,fast,200.1,0,4.411,9.103,true,30.3
comparison,optimized-binary,64,ladder,200,0,5,11,2026-10-05T04:57:32.301Z,0.376,0.55,0.609,301,fast,slow,200,0,3.999,10.023,true,14
comparison,optimized-binary,16384,ladder,200,0,5,12,2026-10-05T04:58:02.597Z,1.87,2.193,2.263,301,slow,fast,200,0,4.115,10.071,true,21.3
comparison,baseline,16384,ladder,200,0,5,13,2026-10-05T04:58:32.323Z,0.351,0.532,0.638,301,fast,slow,200,0,30.511,49.887,true,22.7
comparison,optimized-http,16384,ladder,200,0,5,14,2026-10-05T04:59:02.076Z,1.777,2.085,2.227,301,slow,slow,199.9,0,4.575,13.847,true,27.2
comparison,optimized-http,1024,ladder,200,1,6,0,2026-10-05T04:59:31.669Z,0.342,1.861,2.039,301,fast,fast,200,0,1.657,2.851,true,21.9
comparison,optimized-binary,1024,ladder,200,1,6,1,2026-10-05T05:00:01.324Z,0.361,0.507,0.644,301,fast,fast,200,0,1.313,2.367,true,14.5
comparison,group-batch-pipeline,1024,ladder,200,1,6,2,2026-10-05T05:00:31.000Z,0.316,0.434,0.558,301,fast,fast,200,0,1.693,2.807,true,16.5
comparison,transport-only,1024,ladder,200,1,6,3,2026-10-05T05:01:00.620Z,0.337,0.502,0.681,301,fast,fast,199.9,0,3.877,8.199,true,32.6
comparison,group-batch,1024,ladder,200,1,6,4,2026-10-05T05:01:30.410Z,0.35,0.467,0.574,301,fast,slow,200,0,4.399,13.007,true,20.4
comparison,baseline,64,ladder,200,1,6,5,2026-10-05T05:02:00.146Z,1.658,1.874,2.139,301,slow,slow,200.1,0,47.935,68.991,true,15.6
comparison,batch-only,1024,ladder,200,1,6,6,2026-10-05T05:02:29.919Z,1.796,2.195,2.365,301,slow,fast,200.3,0,4.531,42.047,true,23.1
comparison,optimized-http,64,ladder,200,1,6,7,2026-10-05T05:02:59.647Z,0.337,0.522,0.673,301,fast,fast,199.9,0,1.706,2.853,true,22.5
comparison,pipeline-only,1024,ladder,200,1,6,8,2026-10-05T05:03:29.421Z,0.325,0.446,0.524,301,fast,fast,200,0,4.587,7.035,true,39.6
comparison,optimized-binary,64,ladder,200,1,6,9,2026-10-05T05:03:59.103Z,0.32,0.426,0.532,301,fast,slow,200,0,1.435,7.947,true,14.6
comparison,group-commit,1024,ladder,200,1,6,10,2026-10-05T05:04:28.787Z,1.878,2.097,2.213,301,slow,slow,200,0,4.479,11.775,true,25.4
comparison,baseline,16384,ladder,200,1,6,11,2026-10-05T05:04:58.554Z,1.913,2.259,2.395,301,slow,fast,200.3,0,30.991,48.639,true,28.8
comparison,baseline,1024,ladder,200,1,6,12,2026-10-05T05:05:28.217Z,0.302,0.474,0.792,301,fast,fast,200,0,4.255,9.319,true,40.8
comparison,optimized-http,16384,ladder,200,1,6,13,2026-10-05T05:05:57.963Z,0.341,0.468,0.541,301,fast,slow,200,0,2.105,10.967,true,26.1
comparison,optimized-binary,16384,ladder,200,1,6,14,2026-10-05T05:06:27.728Z,1.784,1.989,2.137,301,slow,slow,199.9,0,4.283,10.407,true,16.5
comparison,optimized-binary,1024,ladder,200,2,7,0,2026-10-05T05:06:57.478Z,1.664,2.117,5.519,301,slow,slow,200,0,3.881,8.231,true,13.7
comparison,transport-only,1024,ladder,200,2,7,1,2026-10-05T05:07:27.143Z,1.731,2.059,2.207,301,slow,fast,200.3,0,24.703,39.167,true,19.4
comparison,optimized-http,1024,ladder,200,2,7,2,2026-10-05T05:07:56.797Z,0.316,0.484,0.62,301,fast,fast,200,0,1.704,3.029,true,25.4
comparison,baseline,64,ladder,200,2,7,3,2026-10-05T05:08:26.340Z,0.32,0.452,0.596,301,fast,fast,199.9,0,4.139,8.503,true,22.8
comparison,group-batch-pipeline,1024,ladder,200,2,7,4,2026-10-05T05:08:56.681Z,0.291,0.546,0.749,301,fast,slow,199.9,0,1.962,9.295,true,26
comparison,optimized-http,64,ladder,200,2,7,5,2026-10-05T05:09:26.268Z,1.876,2.125,2.275,301,slow,slow,200,0,4.363,10.727,true,14.2
comparison,group-batch,1024,ladder,200,2,7,6,2026-10-05T05:09:56.132Z,1.637,1.797,1.911,301,slow,fast,200,0,1.764,7.027,true,28.6
comparison,optimized-binary,64,ladder,200,2,7,7,2026-10-05T05:10:25.879Z,0.317,0.422,0.538,301,fast,fast,199.9,0,1.297,2.489,true,14.8
comparison,batch-only,1024,ladder,200,2,7,8,2026-10-05T05:10:55.520Z,0.307,0.465,0.563,301,fast,fast,199.9,0,4.151,8.591,true,37
comparison,baseline,16384,ladder,200,2,7,9,2026-10-05T05:11:25.387Z,0.311,0.436,0.484,301,fast,slow,199.9,0,50.271,66.303,true,18.3
comparison,pipeline-only,1024,ladder,200,2,7,10,2026-10-05T05:11:55.074Z,1.709,1.929,2.793,301,slow,slow,198.2,0,328.703,500.735,true,15.6
comparison,optimized-http,16384,ladder,200,2,7,11,2026-10-05T05:12:25.143Z,1.774,2.051,2.263,301,slow,fast,200,0,4.567,10.607,true,27.3
comparison,group-commit,1024,ladder,200,2,7,12,2026-10-05T05:12:54.980Z,0.299,0.419,0.5,301,fast,fast,200,0,1.709,6.983,true,15.4
comparison,optimized-binary,16384,ladder,200,2,7,13,2026-10-05T05:13:24.553Z,0.296,0.414,0.682,301,fast,fast,200,0,1.45,2.617,true,19.4
comparison,baseline,1024,ladder,200,2,7,14,2026-10-05T05:13:54.171Z,0.297,0.397,0.445,301,fast,fast,200,0,4.179,8.623,true,43.1
comparison,transport-only,1024,ladder,200,3,8,0,2026-10-05T05:14:23.986Z,0.296,0.536,0.8,301,fast,slow,199.7,0,27.535,43.071,true,15.6
comparison,baseline,1024,ladder,200,3,8,1,2026-10-05T05:14:53.560Z,1.642,1.828,1.927,301,slow,fast,200,0,4.143,8.551,true,36.2
comparison,optimized-binary,1024,ladder,200,3,8,2,2026-10-05T05:15:23.237Z,0.294,0.394,0.562,301,fast,fast,200,0,1.277,2.315,true,14.5
comparison,group-commit,1024,ladder,200,3,8,3,2026-10-05T05:15:52.880Z,0.295,0.389,0.471,301,fast,fast,200,0,1.697,6.939,true,16.7
comparison,optimized-http,1024,ladder,200,3,8,4,2026-10-05T05:16:22.610Z,0.309,0.63,0.818,300,fast,fast,200,0,1.662,2.725,true,26
comparison,pipeline-only,1024,ladder,200,3,8,5,2026-10-05T05:16:52.268Z,0.3,0.404,0.451,301,fast,fast,200,0,4.025,5.147,true,26.4
comparison,group-batch-pipeline,1024,ladder,200,3,8,6,2026-10-05T05:17:21.955Z,0.313,0.579,0.736,301,fast,slow,199.9,0,1.965,9.983,true,23.8
comparison,batch-only,1024,ladder,200,3,8,7,2026-10-05T05:17:51.576Z,1.621,1.8,2.013,301,slow,slow,200,0,27.823,50.655,true,29.1
comparison,group-batch,1024,ladder,200,3,8,8,2026-10-05T05:18:21.432Z,1.66,1.893,2.103,301,slow,slow,199.9,0,4.395,9.775,true,24.4
comparison,group-batch-pipeline,1024,ladder,200,4,9,0,2026-10-05T05:18:51.092Z,1.768,2.093,2.229,301,slow,fast,200,0,1.718,2.819,true,25.3
comparison,group-batch,1024,ladder,200,4,9,1,2026-10-05T05:19:20.763Z,0.294,0.38,0.466,301,fast,fast,200,0,1.75,7.003,true,14.8
comparison,optimized-http,1024,ladder,200,4,9,2,2026-10-05T05:19:50.436Z,0.303,0.548,0.684,300,fast,fast,200,0,1.672,2.921,true,25.3
comparison,batch-only,1024,ladder,200,4,9,3,2026-10-05T05:20:20.128Z,0.293,0.414,0.472,300,fast,fast,200.1,0,4.463,12.079,true,30.4
comparison,optimized-binary,1024,ladder,200,4,9,4,2026-10-05T05:20:49.819Z,0.368,0.59,0.72,301,fast,slow,200,0,1.666,8.591,true,19.2
comparison,pipeline-only,1024,ladder,200,4,9,5,2026-10-05T05:21:19.359Z,1.675,1.9,1.991,301,slow,slow,200,0,332.031,397.567,true,17.7
comparison,transport-only,1024,ladder,200,4,9,6,2026-10-05T05:21:49.227Z,1.66,1.877,2.087,301,slow,fast,200.3,0,4.059,37.727,true,24.6
comparison,group-commit,1024,ladder,200,4,9,7,2026-10-05T05:22:18.876Z,0.44,0.615,0.819,301,fast,slow,199.9,0,2.099,10.151,true,28.9
comparison,baseline,1024,ladder,200,4,9,8,2026-10-05T05:22:48.653Z,1.724,2.029,2.227,301,slow,fast,200.3,0,23.903,42.079,true,27.2
comparison,optimized-http,64,ladder,300,0,10,0,2026-10-05T05:23:18.372Z,0.328,0.476,0.574,301,fast,fast,300,0,1.536,2.729,true,32.3
comparison,optimized-binary,64,ladder,300,0,10,1,2026-10-05T05:23:47.943Z,0.347,0.571,0.644,301,fast,fast,300,0,1.18,2.229,true,18
comparison,baseline,64,ladder,300,0,10,2,2026-10-05T05:24:17.529Z,0.353,0.53,0.573,301,fast,slow,299.4,0,5.327,50.527,true,38.9
comparison,baseline,16384,ladder,300,0,10,3,2026-10-05T05:24:47.246Z,1.881,2.271,3.241,301,slow,slow,300.1,0,83.327,124.735,true,22.2
comparison,transport-only,1024,ladder,300,0,10,4,2026-10-05T05:25:17.080Z,1.655,1.888,2.077,301,slow,slow,300,0,48.959,72.767,true,16.1
comparison,optimized-http,16384,ladder,300,0,10,5,2026-10-05T05:25:46.911Z,1.663,1.939,2.379,301,slow,fast,300,0,1.884,4.347,true,43.9
comparison,optimized-binary,1024,ladder,300,0,10,6,2026-10-05T05:26:16.720Z,0.38,0.529,0.632,301,fast,fast,299.9,0,1.297,2.355,true,18.5
comparison,optimized-binary,16384,ladder,300,0,10,7,2026-10-05T05:26:46.342Z,0.381,0.543,0.634,301,fast,fast,300,0,1.522,3.133,true,30.3
comparison,optimized-http,1024,ladder,300,0,10,8,2026-10-05T05:27:15.957Z,0.371,0.515,0.571,300,fast,fast,299.9,0,1.78,3.337,true,42
comparison,baseline,1024,ladder,300,0,10,9,2026-10-05T05:27:45.682Z,0.443,0.586,0.677,301,fast,fast,300,0,6.227,11.383,true,43.5
comparison,group-batch-pipeline,1024,ladder,300,0,10,10,2026-10-05T05:28:16.069Z,0.399,0.524,0.67,301,fast,slow,299.9,0,7.547,13.999,true,30.4
comparison,group-commit,1024,ladder,300,0,10,11,2026-10-05T05:28:45.780Z,1.667,1.836,1.92,301,slow,slow,299.9,0,6.643,13.783,true,23.2
comparison,group-batch,1024,ladder,300,0,10,12,2026-10-05T05:29:15.513Z,1.629,1.783,1.923,300,slow,fast,300.1,0,1.692,10.823,true,35.1
comparison,pipeline-only,1024,ladder,300,0,10,13,2026-10-05T05:29:45.194Z,0.346,0.463,0.587,301,fast,slow,291.4,0,5.711,541.695,false,45.9
comparison,batch-only,1024,ladder,300,0,10,14,2026-10-05T05:30:15.290Z,1.82,2.034,2.317,301,slow,slow,299.9,0,54.047,92.479,true,19.7
comparison,optimized-binary,64,ladder,300,1,11,0,2026-10-05T05:30:45.199Z,1.655,1.838,1.945,301,slow,slow,300,0,5.903,13.279,true,14.9
comparison,baseline,16384,ladder,300,1,11,1,2026-10-05T05:31:14.918Z,1.696,1.999,2.265,301,slow,fast,301.1,0,7.887,95.615,true,41.8
comparison,optimized-http,64,ladder,300,1,11,2,2026-10-05T05:31:44.699Z,0.304,0.433,0.569,301,fast,fast,300,0,1.566,2.855,true,36.6
comparison,optimized-http,16384,ladder,300,1,11,3,2026-10-05T05:32:14.277Z,0.312,0.512,0.581,301,fast,fast,299.9,0,1.811,3.973,true,40.5
comparison,baseline,64,ladder,300,1,11,4,2026-10-05T05:32:44.194Z,0.344,5.271,8.615,301,fast,slow,299.4,0,5.415,55.263,true,41.9
comparison,optimized-binary,16384,ladder,300,1,11,5,2026-10-05T05:33:13.817Z,1.916,2.271,3.099,301,slow,slow,299.9,0,6.267,13.503,true,24.5
comparison,transport-only,1024,ladder,300,1,11,6,2026-10-05T05:33:43.577Z,1.65,1.817,1.889,301,slow,fast,300.6,0,7.867,56.703,true,24.6
comparison,baseline,1024,ladder,300,1,11,7,2026-10-05T05:34:13.222Z,0.315,0.488,0.644,301,fast,slow,299.4,0,5.939,11.231,true,42.8
comparison,optimized-binary,1024,ladder,300,1,11,8,2026-10-05T05:34:42.837Z,1.666,1.824,2.007,301,slow,slow,300.1,0,5.807,13.639,true,16.1
comparison,group-commit,1024,ladder,300,1,11,9,2026-10-05T05:35:12.572Z,1.689,1.939,2.083,301,slow,slow,299.9,0,6.607,13.607,true,24.9
comparison,optimized-http,1024,ladder,300,1,11,10,2026-10-05T05:35:42.247Z,1.675,1.863,1.992,301,slow,fast,299.9,0,1.581,2.807,true,33
comparison,pipeline-only,1024,ladder,300,1,11,11,2026-10-05T05:36:12.005Z,0.353,0.495,0.565,301,fast,slow,292.4,0,5.003,574.463,false,48.4
comparison,group-batch-pipeline,1024,ladder,300,1,11,12,2026-10-05T05:36:42.846Z,1.822,2.089,2.203,301,slow,slow,300,0,6.227,13.159,true,28.6
comparison,batch-only,1024,ladder,300,1,11,13,2026-10-05T05:37:12.462Z,1.657,1.823,2.079,301,slow,fast,300.6,0,6.595,59.039,true,35.7
comparison,group-batch,1024,ladder,300,1,11,14,2026-10-05T05:37:42.023Z,0.382,0.505,0.602,301,fast,fast,300,0,1.743,5.435,true,40.1
comparison,baseline,16384,ladder,300,2,12,0,2026-10-05T05:38:11.719Z,0.401,0.5,0.629,300,fast,fast,299.9,0,6.491,12.367,true,46.3
comparison,optimized-http,16384,ladder,300,2,12,1,2026-10-05T05:38:41.557Z,0.309,0.397,0.492,301,fast,slow,299.9,0,7.847,15.039,true,37.7
comparison,optimized-binary,64,ladder,300,2,12,2,2026-10-05T05:39:11.217Z,1.688,1.996,2.143,301,slow,slow,300.1,0,6.551,14.103,true,18.6
comparison,optimized-binary,16384,ladder,300,2,12,3,2026-10-05T05:39:40.817Z,1.73,1.99,2.085,301,slow,fast,300.1,0,1.458,28.591,true,28.1
comparison,optimized-http,64,ladder,300,2,12,4,2026-10-05T05:40:10.696Z,0.398,0.562,0.682,301,fast,fast,300,0,1.665,2.979,true,33.6
comparison,baseline,1024,ladder,300,2,12,5,2026-10-05T05:40:40.309Z,0.358,0.509,0.594,301,fast,fast,299.9,0,6.035,10.927,true,42.1
comparison,baseline,64,ladder,300,2,12,6,2026-10-05T05:41:10.206Z,0.387,0.504,0.607,301,fast,slow,299.6,0,73.919,103.167,true,18.8
comparison,group-commit,1024,ladder,300,2,12,7,2026-10-05T05:41:39.891Z,1.676,1.955,2.165,301,slow,fast,300.1,0,6.547,13.783,true,21.9
comparison,transport-only,1024,ladder,300,2,12,8,2026-10-05T05:42:09.637Z,0.333,0.467,0.627,301,fast,slow,299.4,0,4.579,46.559,true,32.9
comparison,pipeline-only,1024,ladder,300,2,12,9,2026-10-05T05:42:39.269Z,1.857,2.101,2.415,301,slow,slow,260.7,0,2347.007,3614.719,false,18.6
comparison,optimized-binary,1024,ladder,300,2,12,10,2026-10-05T05:43:12.563Z,1.667,1.812,1.935,301,slow,slow,300.1,0,5.551,11.007,true,18
comparison,batch-only,1024,ladder,300,2,12,11,2026-10-05T05:43:42.175Z,1.858,2.285,2.381,301,slow,fast,300.5,0,42.943,65.855,true,27.7
comparison,optimized-http,1024,ladder,300,2,12,12,2026-10-05T05:44:11.936Z,0.327,0.439,0.507,300,fast,fast,300,0,1.552,2.745,true,32.7
comparison,group-batch,1024,ladder,300,2,12,13,2026-10-05T05:44:41.685Z,0.34,0.457,0.561,301,fast,fast,299.9,0,1.634,5.207,true,35.4
comparison,group-batch-pipeline,1024,ladder,300,2,12,14,2026-10-05T05:45:11.406Z,0.372,0.593,0.673,301,fast,fast,299.9,0,1.684,3.121,true,32.7
comparison,baseline,1024,ladder,300,3,13,0,2026-10-05T05:45:41.144Z,0.365,0.516,0.609,301,fast,fast,300,0,5.919,10.967,true,45.2
comparison,transport-only,1024,ladder,300,3,13,1,2026-10-05T05:46:10.883Z,0.356,0.541,0.707,301,fast,slow,299.6,0,75.263,136.831,true,15.2
comparison,group-commit,1024,ladder,300,3,13,2,2026-10-05T05:46:40.630Z,1.717,1.911,2.069,301,slow,slow,299.9,0,6.487,13.559,true,22.6
comparison,optimized-binary,1024,ladder,300,3,13,3,2026-10-05T05:47:10.382Z,1.706,1.889,2.029,301,slow,fast,300.1,0,3.853,10.359,true,18.3
comparison,pipeline-only,1024,ladder,300,3,13,4,2026-10-05T05:47:40.274Z,0.376,0.51,0.626,301,fast,fast,300,0,4.615,7.643,true,49.7
comparison,optimized-http,1024,ladder,300,3,13,5,2026-10-05T05:48:09.935Z,1.705,1.947,2.101,301,slow,slow,299.9,0,6.915,13.783,true,30.4
comparison,batch-only,1024,ladder,300,3,13,6,2026-10-05T05:48:39.800Z,1.668,1.84,1.914,301,slow,fast,300.6,0,5.767,67.519,true,33.5
comparison,group-batch-pipeline,1024,ladder,300,3,13,7,2026-10-05T05:49:09.617Z,0.347,0.49,0.702,301,fast,slow,299.9,0,1.651,11.727,true,31.5
comparison,group-batch,1024,ladder,300,3,13,8,2026-10-05T05:49:39.219Z,1.719,1.928,1.995,301,slow,fast,300.1,0,4.699,12.271,true,29.8
comparison,group-commit,1024,ladder,300,4,14,0,2026-10-05T05:50:08.994Z,0.348,0.491,0.641,301,fast,fast,300,0,1.523,5.059,true,28.5
comparison,baseline,1024,ladder,300,4,14,1,2026-10-05T05:50:38.714Z,0.323,0.455,0.587,301,fast,slow,299.4,0,5.275,54.591,true,36.4
comparison,pipeline-only,1024,ladder,300,4,14,2,2026-10-05T05:51:08.468Z,1.831,2.073,2.319,301,slow,fast,315.3,0,1599.487,1883.135,false,16.5
comparison,transport-only,1024,ladder,300,4,14,3,2026-10-05T05:51:38.150Z,0.317,0.507,0.597,301,fast,slow,299.9,0,47.711,74.303,true,15.2
comparison,batch-only,1024,ladder,300,4,14,4,2026-10-05T05:52:07.877Z,1.671,1.848,1.952,301,slow,fast,300.1,0,5.275,8.471,true,36.4
comparison,optimized-binary,1024,ladder,300,4,14,5,2026-10-05T05:52:37.615Z,0.301,0.489,0.6,301,fast,slow,299.9,0,6.139,13.703,true,15.3
comparison,group-batch,1024,ladder,300,4,14,6,2026-10-05T05:53:07.357Z,1.763,2.039,2.185,301,slow,fast,300.1,0,5.971,13.175,true,24.2
comparison,optimized-http,1024,ladder,300,4,14,7,2026-10-05T05:53:37.175Z,0.315,1.725,1.912,301,fast,fast,300.1,0,5.807,11.671,true,28.7
comparison,group-batch-pipeline,1024,ladder,300,4,14,8,2026-10-05T05:54:14.715Z,0.321,0.473,0.532,301,fast,fast,300,0,1.5,2.573,true,32.1
comparison,transport-only,1024,ladder,500,0,15,0,2026-10-05T05:54:44.495Z,0.316,0.423,0.502,301,fast,slow,489.1,0,5.839,441.855,false,32.6
comparison,optimized-binary,1024,ladder,500,0,15,1,2026-10-05T05:55:14.496Z,1.748,2.013,2.245,301,slow,slow,499.9,0,8.015,14.695,true,17.4
comparison,baseline,64,ladder,500,0,15,2,2026-10-05T05:55:44.173Z,1.728,2.133,4.011,301,slow,slow,460.2,0,1270.783,2314.239,false,14.6
comparison,optimized-http,1024,ladder,500,0,15,3,2026-10-05T05:56:16.067Z,1.683,1.919,2.853,301,slow,slow,500.1,0,8.863,15.223,true,33.4
comparison,optimized-http,64,ladder,500,0,15,4,2026-10-05T05:56:45.804Z,1.678,1.894,2.039,300,slow,fast,500.1,0,6.179,12.895,true,34.8
comparison,group-batch-pipeline,1024,ladder,500,0,15,5,2026-10-05T05:57:15.519Z,0.309,0.511,0.659,301,fast,fast,500.1,0,1.512,3.385,true,48.6
comparison,optimized-binary,64,ladder,500,0,15,6,2026-10-05T05:57:45.206Z,0.333,0.448,0.562,301,fast,fast,499.9,0,1.022,2.019,true,24
comparison,group-batch,1024,ladder,500,0,15,7,2026-10-05T05:58:14.891Z,0.296,0.486,0.631,301,fast,fast,499.9,0,1.554,4.883,true,45.4
comparison,baseline,16384,ladder,500,0,15,8,2026-10-05T05:58:44.706Z,0.336,0.457,0.573,301,fast,slow,476.6,0,8.051,1095.679,false,48.1
comparison,batch-only,1024,ladder,500,0,15,9,2026-10-05T05:59:15.585Z,1.656,1.843,2.025,301,slow,slow,508.7,0,778.239,999.423,true,14.5
comparison,optimized-http,16384,ladder,500,0,15,10,2026-10-05T05:59:45.597Z,1.76,2.139,2.351,301,slow,slow,499.9,0,9.647,17.647,true,43.5
comparison,pipeline-only,1024,ladder,500,0,15,11,2026-10-05T06:00:15.396Z,1.698,1.964,2.121,301,slow,slow,348.4,0.1915,6856.703,10002.431,false,18.8
comparison,optimized-binary,16384,ladder,500,0,15,12,2026-10-05T06:00:52.268Z,1.781,2.623,3.105,301,slow,fast,500.2,0,1.339,13.967,true,33
comparison,group-commit,1024,ladder,500,0,15,13,2026-10-05T06:01:22.019Z,0.309,1.89,5.431,301,fast,fast,500,0,1.417,4.419,true,44.9
comparison,baseline,1024,ladder,500,0,15,14,2026-10-05T06:01:51.891Z,0.285,0.459,0.61,301,fast,slow,494.7,0,5.871,242.815,true,42.2
comparison,baseline,64,ladder,500,1,16,0,2026-10-05T06:02:21.748Z,1.778,1.993,2.279,301,slow,slow,453.6,0,1769.471,2611.199,false,13.9
comparison,transport-only,1024,ladder,500,1,16,1,2026-10-05T06:02:54.065Z,1.622,1.804,1.93,301,slow,slow,500.3,0,205.311,345.855,true,15.8
comparison,optimized-http,64,ladder,500,1,16,2,2026-10-05T06:03:23.907Z,1.832,2.034,2.137,301,slow,fast,500.2,0,7.495,13.431,true,33
comparison,optimized-binary,1024,ladder,500,1,16,3,2026-10-05T06:03:53.703Z,0.294,0.409,0.554,301,fast,fast,500,0,1.016,1.993,true,26.3
comparison,optimized-binary,64,ladder,500,1,16,4,2026-10-05T06:04:23.394Z,0.285,0.44,0.638,301,fast,fast,500,0,1.001,2.046,true,22.7
comparison,optimized-http,1024,ladder,500,1,16,5,2026-10-05T06:04:53.077Z,0.283,0.4,0.475,301,fast,fast,499.9,0,1.33,3.065,true,41.9
comparison,baseline,16384,ladder,500,1,16,6,2026-10-05T06:05:22.759Z,0.296,0.515,0.589,301,fast,slow,482,0,7.147,959.999,false,50
comparison,group-batch-pipeline,1024,ladder,500,1,16,7,2026-10-05T06:05:53.516Z,1.898,2.189,2.457,301,slow,slow,499.9,0,9.383,16.991,true,33.1
comparison,optimized-http,16384,ladder,500,1,16,8,2026-10-05T06:06:23.877Z,1.964,2.355,2.469,301,slow,fast,500.3,0,7.799,16.431,true,43.3
comparison,group-batch,1024,ladder,500,1,16,9,2026-10-05T06:06:53.619Z,0.32,0.508,0.627,300,fast,fast,500,0,1.458,3.949,true,47.9
comparison,optimized-binary,16384,ladder,500,1,16,10,2026-10-05T06:07:23.241Z,0.308,0.393,0.511,301,fast,slow,499.7,0,8.155,20.495,true,29.5
comparison,batch-only,1024,ladder,500,1,16,11,2026-10-05T06:07:52.937Z,1.801,2.075,2.993,301,slow,slow,499.8,0,128.383,503.039,true,17.8
comparison,baseline,1024,ladder,500,1,16,12,2026-10-05T06:08:22.867Z,1.924,2.229,2.359,301,slow,slow,499.9,0,180.991,319.999,true,25.8
comparison,pipeline-only,1024,ladder,500,1,16,13,2026-10-05T06:08:52.702Z,1.607,1.787,1.873,301,slow,slow,478.2,0,2646.015,4685.823,false,28.3
comparison,group-commit,1024,ladder,500,1,16,14,2026-10-05T06:09:27.120Z,1.67,2.225,2.431,301,slow,fast,500.1,0,1.432,12.711,true,40.9
comparison,optimized-http,64,ladder,500,2,17,0,2026-10-05T06:09:56.940Z,0.285,0.394,0.502,301,fast,slow,499.9,0,7.735,15.935,true,33.4
comparison,baseline,64,ladder,500,2,17,1,2026-10-05T06:10:26.714Z,1.618,1.778,1.883,301,slow,slow,497.3,0,6.839,289.791,false,36.2
comparison,optimized-binary,64,ladder,500,2,17,2,2026-10-05T06:10:56.633Z,1.6,1.782,1.962,301,slow,slow,499.9,0,7.155,13.935,true,19.9
comparison,transport-only,1024,ladder,500,2,17,3,2026-10-05T06:11:26.322Z,1.732,1.947,2.311,301,slow,slow,508.4,0,408.319,575.487,true,16
comparison,baseline,16384,ladder,500,2,17,4,2026-10-05T06:11:56.129Z,1.682,1.918,2.047,301,slow,fast,527.9,0,1927.167,2844.671,false,30.2
comparison,optimized-binary,1024,ladder,500,2,17,5,2026-10-05T06:12:25.889Z,0.294,0.438,0.564,301,fast,fast,499.9,0,1.015,1.891,true,23.4
comparison,optimized-http,16384,ladder,500,2,17,6,2026-10-05T06:12:55.588Z,0.291,0.538,0.673,300,fast,fast,499.9,0,1.522,4.295,true,57.1
comparison,optimized-http,1024,ladder,500,2,17,7,2026-10-05T06:13:25.273Z,0.299,0.441,0.628,301,fast,fast,500,0,1.328,3.017,true,42.1
comparison,optimized-binary,16384,ladder,500,2,17,8,2026-10-05T06:13:54.858Z,0.285,0.521,0.605,301,fast,fast,499.9,0,1.185,3.535,true,34.1
comparison,group-batch-pipeline,1024,ladder,500,2,17,9,2026-10-05T06:14:24.507Z,0.288,0.421,0.636,301,fast,slow,499.8,0,8.171,14.767,true,36.2
comparison,baseline,1024,ladder,500,2,17,10,2026-10-05T06:14:54.180Z,1.698,2.032,2.157,301,slow,fast,504.8,0,5.943,207.103,true,45.7
comparison,group-batch,1024,ladder,500,2,17,11,2026-10-05T06:15:23.908Z,0.285,0.454,0.61,301,fast,slow,500.1,0,8.671,15.463,true,25.2
comparison,group-commit,1024,ladder,500,2,17,12,2026-10-05T06:15:53.557Z,1.681,1.85,2.031,301,slow,fast,500.1,0,8.159,14.911,true,25.9
comparison,batch-only,1024,ladder,500,2,17,13,2026-10-05T06:16:23.295Z,0.294,0.591,0.695,301,fast,slow,503.2,0,101.183,224.767,true,17.7
comparison,pipeline-only,1024,ladder,500,2,17,14,2026-10-05T06:16:53.007Z,1.614,1.693,1.78,301,slow,fast,523.6,0,4448.255,7000.063,false,23.2
comparison,baseline,1024,ladder,500,3,18,0,2026-10-05T06:17:23.249Z,0.298,0.463,0.791,301,fast,slow,489.9,0,6.547,436.991,false,38.2
comparison,group-commit,1024,ladder,500,3,18,1,2026-10-05T06:17:53.254Z,1.67,1.995,2.133,301,slow,slow,500,0,8.415,15.367,true,26
comparison,transport-only,1024,ladder,500,3,18,2,2026-10-05T06:18:22.932Z,1.633,1.929,3.267,301,slow,slow,491.2,0,5.671,375.295,false,32.7
comparison,pipeline-only,1024,ladder,500,3,18,3,2026-10-05T06:18:52.783Z,1.814,2.053,2.309,301,slow,slow,312.6,0.4246,6791.167,10002.431,false,16.5
comparison,optimized-binary,1024,ladder,500,3,18,4,2026-10-05T06:19:26.743Z,1.626,1.888,2.034,301,slow,slow,500,0,8.151,14.583,true,16.3
comparison,batch-only,1024,ladder,500,3,18,5,2026-10-05T06:19:56.339Z,1.79,2.099,2.459,301,slow,fast,505.3,0,101.759,218.495,true,20.8
comparison,optimized-http,1024,ladder,500,3,18,6,2026-10-05T06:20:26.061Z,0.288,0.478,0.593,301,fast,fast,499.8,0,1.327,3.065,true,45.1
comparison,group-batch,1024,ladder,500,3,18,7,2026-10-05T06:20:55.703Z,0.293,0.403,0.59,301,fast,fast,500,0,1.358,3.535,true,44
comparison,group-batch-pipeline,1024,ladder,500,3,18,8,2026-10-05T06:21:25.282Z,0.288,0.37,0.43,301,fast,fast,499.9,0,1.373,3.257,true,42.3
comparison,group-commit,1024,ladder,500,4,19,0,2026-10-05T06:21:54.962Z,0.296,0.53,0.648,301,fast,fast,499.9,0,1.356,3.603,true,45.2
comparison,pipeline-only,1024,ladder,500,4,19,1,2026-10-05T06:22:24.802Z,0.296,0.408,0.513,301,fast,slow,445.8,0,68.287,4354.047,false,45.9
comparison,baseline,1024,ladder,500,4,19,2,2026-10-05T06:22:58.876Z,1.716,2.121,2.367,301,slow,fast,518.8,0,982.527,1854.463,false,29.1
comparison,batch-only,1024,ladder,500,4,19,3,2026-10-05T06:23:28.763Z,0.295,0.506,0.59,301,fast,slow,493.3,0,6.335,254.975,false,43.7
comparison,transport-only,1024,ladder,500,4,19,4,2026-10-05T06:23:58.771Z,1.769,2.018,2.277,301,slow,slow,458,0,2007.039,2578.431,false,16.1
comparison,group-batch,1024,ladder,500,4,19,5,2026-10-05T06:24:30.997Z,1.866,2.363,3.041,301,slow,fast,500.3,0,7.651,13.887,true,28
comparison,optimized-binary,1024,ladder,500,4,19,6,2026-10-05T06:25:00.689Z,0.29,0.408,0.529,301,fast,fast,500,0,1.042,1.963,true,26.2
comparison,group-batch-pipeline,1024,ladder,500,4,19,7,2026-10-05T06:25:30.257Z,0.298,0.441,0.577,301,fast,fast,500,0,1.413,3.289,true,44.8
comparison,optimized-http,1024,ladder,500,4,19,8,2026-10-05T06:25:59.924Z,0.288,0.434,0.543,300,fast,fast,499.9,0,1.43,3.589,true,50.7
comparison,optimized-binary,1024,ladder,750,0,20,0,2026-10-05T06:26:29.702Z,0.287,0.503,0.616,301,fast,fast,750,0,0.984,2.059,true,32.9
comparison,transport-only,1024,ladder,750,0,20,1,2026-10-05T06:26:59.434Z,0.29,0.509,0.625,301,fast,slow,535.6,0.08873333333333333,4890.623,10002.431,false,19.1
comparison,optimized-http,1024,ladder,750,0,20,2,2026-10-05T06:27:38.003Z,1.617,1.868,2.053,301,slow,fast,750,0,1.488,15.047,true,50.3
comparison,baseline,64,ladder,750,0,20,3,2026-10-05T06:28:07.625Z,0.296,0.422,0.536,301,fast,slow,568.3,0,3317.759,8224.767,false,17.2
comparison,group-batch-pipeline,1024,ladder,750,0,20,4,2026-10-05T06:28:45.566Z,1.745,2.01,2.173,301,slow,fast,749.9,0,7.663,15.063,true,45.9
comparison,optimized-http,64,ladder,750,0,20,5,2026-10-05T06:29:15.405Z,0.288,0.463,0.734,301,fast,fast,750,0,1.286,3.019,true,54.3
comparison,group-batch,1024,ladder,750,0,20,6,2026-10-05T06:29:45.124Z,0.289,0.619,0.711,301,fast,slow,749.7,0,8.199,14.751,true,30.8
comparison,optimized-binary,64,ladder,750,0,20,7,2026-10-05T06:30:14.792Z,1.623,1.722,1.938,301,slow,slow,749.9,0,5.683,14.543,true,23.4
comparison,batch-only,1024,ladder,750,0,20,8,2026-10-05T06:30:44.627Z,1.616,1.777,2.024,301,slow,fast,807.9,0,8.839,2148.351,false,47.3
comparison,baseline,16384,ladder,750,0,20,9,2026-10-05T06:31:14.332Z,0.303,0.401,0.531,301,fast,slow,411.9,0.46626666666666666,5898.239,10002.431,false,22.5
comparison,group-commit,1024,ladder,750,0,20,10,2026-10-05T06:31:46.952Z,2.055,2.365,3.175,301,slow,fast,750.2,0,7.971,14.775,true,31.6
comparison,optimized-http,16384,ladder,750,0,20,11,2026-10-05T06:32:16.588Z,0.293,0.389,0.488,301,fast,fast,750,0,2.159,6.023,true,72.2
comparison,baseline,1024,ladder,750,0,20,12,2026-10-05T06:32:46.465Z,1.657,2.026,3.697,301,slow,slow,486.4,0.3460666666666667,6610.943,10002.431,false,15.5
comparison,optimized-binary,16384,ladder,750,0,20,13,2026-10-05T06:33:20.536Z,1.676,1.996,2.195,301,slow,fast,750,0,1.122,4.491,true,44.2
comparison,transport-only,1024,ladder,750,1,21,0,2026-10-05T06:33:50.359Z,0.295,0.393,0.517,301,fast,slow,486.4,0.13,6189.055,10002.431,false,14.6
comparison,baseline,64,ladder,750,1,21,1,2026-10-05T06:34:28.187Z,1.778,1.963,2.893,301,slow,fast,811,0,2603.007,4620.287,false,28.7
comparison,optimized-binary,1024,ladder,750,1,21,2,2026-10-05T06:34:57.976Z,0.292,0.446,0.597,301,fast,fast,750,0,0.976,2.219,true,34
comparison,optimized-http,64,ladder,750,1,21,3,2026-10-05T06:35:27.600Z,0.307,0.513,0.595,301,fast,slow,750,0,8.175,14.671,true,30.1
comparison,optimized-http,1024,ladder,750,1,21,4,2026-10-05T06:35:57.236Z,1.628,1.811,2.561,301,slow,fast,750.3,0,8.311,15.367,true,42.3
comparison,optimized-binary,64,ladder,750,1,21,5,2026-10-05T06:36:26.958Z,0.286,0.381,0.474,301,fast,fast,749.6,0,0.977,2.018,true,31.6
comparison,group-batch-pipeline,1024,ladder,750,1,21,6,2026-10-05T06:36:56.630Z,0.306,0.471,0.583,301,fast,slow,749.9,0,10.959,18.367,true,44
comparison,baseline,16384,ladder,750,1,21,7,2026-10-05T06:37:26.280Z,1.89,2.249,2.367,301,slow,fast,700.9,0,5615.615,8142.847,false,40.3
comparison,group-batch,1024,ladder,750,1,21,8,2026-10-05T06:37:58.064Z,0.298,0.392,0.524,301,fast,slow,749.9,0,1.552,13.615,true,54.3
comparison,optimized-http,16384,ladder,750,1,21,9,2026-10-05T06:38:27.723Z,1.842,2.038,2.179,301,slow,slow,750,0,12.303,20.383,true,52.4
comparison,batch-only,1024,ladder,750,1,21,10,2026-10-05T06:38:57.713Z,1.823,2.101,2.365,300,slow,fast,809.8,0,2793.471,5029.887,false,30.4
comparison,optimized-binary,16384,ladder,750,1,21,11,2026-10-05T06:39:27.382Z,0.293,0.421,0.538,301,fast,fast,749.5,0,1.167,5.119,true,45.3
comparison,group-commit,1024,ladder,750,1,21,12,2026-10-05T06:39:57.158Z,0.294,0.522,0.616,301,fast,slow,749.8,0,9.055,15.527,true,28.9
comparison,baseline,1024,ladder,750,1,21,13,2026-10-05T06:40:26.874Z,1.851,2.099,2.973,301,slow,slow,684.8,0,5046.271,6819.839,false,20.3
comparison,baseline,64,ladder,750,2,22,0,2026-10-05T06:41:02.902Z,1.621,1.763,1.867,301,slow,slow,563.2,0,5140.479,9486.335,false,18
comparison,optimized-http,64,ladder,750,2,22,1,2026-10-05T06:41:42.101Z,1.627,1.913,2.115,301,slow,fast,750,0,1.325,3.029,true,57.9
comparison,transport-only,1024,ladder,750,2,22,2,2026-10-05T06:42:11.852Z,0.29,0.406,0.494,301,fast,slow,646.1,0,8.303,5468.159,false,34.8
comparison,optimized-binary,64,ladder,750,2,22,3,2026-10-05T06:42:47.073Z,1.876,2.123,2.479,301,slow,slow,750,0,8.767,16.119,true,18.5
comparison,optimized-binary,1024,ladder,750,2,22,4,2026-10-05T06:43:16.776Z,1.737,1.948,2.199,301,slow,fast,750.4,0,1.048,14.127,true,31.5
comparison,baseline,16384,ladder,750,2,22,5,2026-10-05T06:43:46.545Z,0.294,0.414,0.457,300,fast,slow,691.4,0,12.359,3303.423,false,51.8
comparison,optimized-http,1024,ladder,750,2,22,6,2026-10-05T06:44:19.615Z,2.02,2.299,2.789,301,slow,slow,750,0,8.163,16.463,true,46.3
comparison,optimized-http,16384,ladder,750,2,22,7,2026-10-05T06:44:49.372Z,1.668,1.943,2.209,301,slow,fast,750.5,0,11.231,21.151,true,57
comparison,group-batch-pipeline,1024,ladder,750,2,22,8,2026-10-05T06:45:19.406Z,0.284,0.468,0.541,301,fast,fast,750,0,1.437,3.999,true,61.3
comparison,optimized-binary,16384,ladder,750,2,22,9,2026-10-05T06:45:48.999Z,0.297,0.424,0.581,301,fast,slow,749.9,0,9.023,17.023,true,29.9
comparison,group-batch,1024,ladder,750,2,22,10,2026-10-05T06:46:18.774Z,1.853,2.033,2.611,301,slow,fast,750.2,0,8.143,15.767,true,35.4
comparison,baseline,1024,ladder,750,2,22,11,2026-10-05T06:46:48.860Z,0.296,0.445,0.581,301,fast,slow,669.3,0,9.959,3833.855,false,42.1
comparison,batch-only,1024,ladder,750,2,22,12,2026-10-05T06:47:22.505Z,1.946,2.253,2.353,300,slow,slow,804,0,3665.919,6373.375,false,23.1
comparison,group-commit,1024,ladder,750,2,22,13,2026-10-05T06:47:53.136Z,1.662,1.959,2.149,301,slow,fast,749.8,0,8.575,15.287,true,32.5
comparison,transport-only,1024,ladder,750,3,23,0,2026-10-05T06:48:22.898Z,0.312,0.416,0.54,301,fast,slow,508.3,0.0218,5312.511,10002.431,false,18.9
comparison,baseline,1024,ladder,750,3,23,1,2026-10-05T06:49:02.512Z,1.631,1.791,1.896,301,slow,fast,811,0,1186.815,4280.319,false,37
comparison,optimized-binary,1024,ladder,750,3,23,2,2026-10-05T06:49:32.361Z,0.295,0.473,0.573,301,fast,slow,749.6,0,7.987,14.903,true,24.9
comparison,group-commit,1024,ladder,750,3,23,3,2026-10-05T06:50:02.111Z,1.607,1.902,2.455,301,slow,slow,749.6,0,7.903,14.671,true,40.9
comparison,optimized-http,1024,ladder,750,3,23,4,2026-10-05T06:50:31.955Z,1.642,1.823,5.095,301,slow,slow,749.8,0,9.583,16.879,true,34.9
comparison,batch-only,1024,ladder,750,3,23,5,2026-10-05T06:51:01.823Z,1.68,1.904,2.006,301,slow,slow,681.7,0,9.775,2889.727,false,43.4
comparison,group-batch-pipeline,1024,ladder,750,3,23,6,2026-10-05T06:51:34.594Z,1.61,1.737,2.353,301,slow,slow,750.1,0,9.863,17.823,true,36.7
comparison,group-batch,1024,ladder,750,3,23,7,2026-10-05T06:52:04.276Z,1.821,2.123,2.267,301,slow,fast,750.3,0,8.215,15.519,true,33.9
comparison,baseline,1024,ladder,750,4,24,0,2026-10-05T06:52:33.998Z,0.376,0.495,0.609,301,fast,slow,667.6,0,10.455,3774.463,false,44.2
comparison,group-commit,1024,ladder,750,4,24,1,2026-10-05T06:53:07.527Z,1.734,2.017,2.165,301,slow,slow,749.9,0,9.295,15.919,true,27
comparison,transport-only,1024,ladder,750,4,24,2,2026-10-05T06:53:37.379Z,1.68,1.892,2.091,301,slow,slow,512,0.2286,7393.279,10002.431,false,17.3
comparison,batch-only,1024,ladder,750,4,24,3,2026-10-05T06:54:13.880Z,1.668,2.099,3.189,301,slow,fast,814.8,0,339.455,4007.935,false,41.9
comparison,optimized-binary,1024,ladder,750,4,24,4,2026-10-05T06:54:43.620Z,0.361,0.572,0.695,301,fast,fast,750,0,1.155,2.859,true,43.4
comparison,group-batch,1024,ladder,750,4,24,5,2026-10-05T06:55:13.461Z,0.331,0.423,0.52,301,fast,slow,750.1,0,9.263,19.951,true,30.4
comparison,optimized-http,1024,ladder,750,4,24,6,2026-10-05T06:55:43.243Z,1.752,2.097,2.429,301,slow,slow,750.1,0,9.127,18.015,true,49.6
comparison,group-batch-pipeline,1024,ladder,750,4,24,7,2026-10-05T06:56:13.006Z,1.841,2.457,5.151,300,slow,fast,750.4,0,8.791,19.183,true,56.6
comparison,group-batch,1024,ladder,1000,0,25,0,2026-10-05T06:56:42.875Z,0.33,0.544,0.726,301,fast,slow,999.4,0,2.299,11.647,true,58.3
comparison,group-batch-pipeline,1024,ladder,1000,0,25,1,2026-10-05T06:57:12.684Z,1.787,2.139,3.071,301,slow,slow,1000,0,10.919,19.071,true,45.2
comparison,batch-only,1024,ladder,1000,0,25,2,2026-10-05T06:57:42.462Z,1.632,1.81,2.679,301,slow,slow,1049,0,12.375,1529.855,false,52.1
comparison,optimized-http,1024,ladder,1000,0,25,3,2026-10-05T06:58:13.788Z,1.863,2.417,3.969,301,slow,slow,999.2,0.00075,15.143,5849.087,false,39.4
comparison,group-commit,1024,ladder,1000,0,25,4,2026-10-05T06:58:43.563Z,1.675,1.807,1.964,301,slow,slow,999.9,0,10.375,21.119,true,34.1
comparison,optimized-binary,1024,ladder,1000,0,25,5,2026-10-05T06:59:13.080Z,1.693,4.727,16.511,301,slow,fast,1000,0,8.527,19.359,true,30.7
comparison,baseline,1024,ladder,1000,0,25,6,2026-10-05T06:59:42.724Z,0.393,1.609,7.991,301,fast,slow,284.2,0.8188,6201.343,10002.431,false,13.9
comparison,optimized-http,64,ladder,1000,0,25,7,2026-10-05T07:00:16.653Z,2.225,5.111,12.383,301,slow,slow,1000,0,9.735,18.911,true,39.2
comparison,optimized-binary,16384,ladder,1000,0,25,8,2026-10-05T07:00:46.461Z,1.798,2.093,2.225,301,slow,fast,1000.5,0,1.864,15.655,true,53.9
comparison,optimized-binary,64,ladder,1000,0,25,9,2026-10-05T07:01:16.400Z,0.334,4.723,7.147,297,fast,slow,999.4,0,1.333,12.479,true,36.1
comparison,optimized-http,16384,ladder,1000,0,25,10,2026-10-05T07:01:46.143Z,1.866,3.075,3.735,300,slow,slow,1000,0,13.727,25.055,true,57.1
comparison,group-batch-pipeline,1024,ladder,1000,1,26,0,2026-10-05T07:02:16.105Z,1.675,2.151,2.885,301,slow,slow,1000,0,11.039,20.223,true,40.9
comparison,optimized-http,1024,ladder,1000,1,26,1,2026-10-05T07:02:45.948Z,1.656,1.965,2.945,301,slow,fast,1000.1,0,2.703,9.055,true,74.9
comparison,group-batch,1024,ladder,1000,1,26,2,2026-10-05T07:03:15.820Z,0.301,0.509,0.649,301,fast,slow,1000.3,0,9.743,23.055,true,29.2
comparison,optimized-binary,1024,ladder,1000,1,26,3,2026-10-05T07:03:45.389Z,1.808,2.135,2.251,301,slow,fast,1000.6,0,6.091,14.711,true,38.1
comparison,batch-only,1024,ladder,1000,1,26,4,2026-10-05T07:04:15.134Z,0.346,0.521,0.638,301,fast,slow,520.4,0.3081,7090.175,10002.431,false,15.9
comparison,optimized-http,64,ladder,1000,1,26,5,2026-10-05T07:04:54.815Z,1.67,2.185,6.931,301,slow,slow,1000,0,8.107,17.295,true,51
comparison,group-commit,1024,ladder,1000,1,26,6,2026-10-05T07:05:24.678Z,1.68,2.002,2.255,301,slow,slow,1000,0,9.887,18.943,true,34.6
comparison,optimized-binary,64,ladder,1000,1,26,7,2026-10-05T07:05:54.321Z,1.828,2.295,3.049,301,slow,slow,1000,0,8.075,15.783,true,21.6
comparison,baseline,1024,ladder,1000,1,26,8,2026-10-05T07:06:24.190Z,1.696,2.119,5.391,300,slow,slow,469.6,0.50315,7692.287,10002.431,false,19.4
comparison,optimized-http,16384,ladder,1000,1,26,9,2026-10-05T07:07:01.776Z,1.81,2.353,2.795,301,slow,slow,999.9,0,13.311,23.519,true,59.4
comparison,optimized-binary,16384,ladder,1000,1,26,10,2026-10-05T07:07:31.553Z,1.676,2.026,2.637,301,slow,fast,1000.4,0,1.844,15.247,true,53.9
comparison,optimized-http,1024,ladder,1000,2,27,0,2026-10-05T07:08:01.461Z,0.311,0.557,0.621,301,fast,slow,1000,0,10.535,19.487,true,42
comparison,optimized-binary,1024,ladder,1000,2,27,1,2026-10-05T07:08:31.158Z,1.839,2.133,2.329,301,slow,slow,999.8,0,8.407,15.407,true,23.8
comparison,group-batch-pipeline,1024,ladder,1000,2,27,2,2026-10-05T07:09:00.739Z,1.626,1.751,1.953,301,slow,slow,999.7,0,8.911,17.167,true,50.9
comparison,optimized-http,64,ladder,1000,2,27,3,2026-10-05T07:09:30.522Z,1.695,1.902,2.004,301,slow,slow,999.5,0,2.717,10.183,true,72.4
comparison,group-batch,1024,ladder,1000,2,27,4,2026-10-05T07:10:00.280Z,1.879,2.083,2.301,301,slow,slow,1000,0,9.303,17.007,true,28.8
comparison,optimized-binary,64,ladder,1000,2,27,5,2026-10-05T07:10:30.173Z,1.866,2.133,2.219,301,slow,slow,1000,0,7.223,15.535,true,31.7
comparison,batch-only,1024,ladder,1000,2,27,6,2026-10-05T07:10:59.813Z,1.885,2.283,2.403,301,slow,fast,1040,0,5222.399,8142.847,false,29.7
comparison,optimized-http,16384,ladder,1000,2,27,7,2026-10-05T07:11:30.407Z,0.322,0.458,0.57,301,fast,slow,999.4,0,4.231,20.623,true,75.5
comparison,group-commit,1024,ladder,1000,2,27,8,2026-10-05T07:12:00.307Z,1.976,2.253,2.539,301,slow,fast,1000.4,0,8.287,15.335,true,41.9
comparison,optimized-binary,16384,ladder,1000,2,27,9,2026-10-05T07:12:30.090Z,0.35,0.495,0.737,301,fast,slow,999.9,0,8.951,16.863,true,34.4
comparison,baseline,1024,ladder,1000,2,27,10,2026-10-05T07:12:59.899Z,1.727,2.369,3.107,301,slow,fast,1084.8,0,5472.255,8855.551,false,27.9
comparison,baseline,1024,ladder,1000,3,28,0,2026-10-05T07:13:30.195Z,0.299,0.472,0.578,301,fast,slow,867.8,0,11.919,6914.047,false,44
comparison,group-commit,1024,ladder,1000,3,28,1,2026-10-05T07:14:06.906Z,1.787,2.038,2.231,301,slow,slow,1000,0,9.295,16.207,true,30.8
comparison,optimized-binary,1024,ladder,1000,3,28,2,2026-10-05T07:14:36.734Z,1.634,2.021,2.149,300,slow,fast,1000.4,0,0.948,10.639,true,37.7
comparison,batch-only,1024,ladder,1000,3,28,3,2026-10-05T07:15:06.497Z,0.318,0.45,0.54,301,fast,slow,521.3,0.36355,6402.047,10002.431,false,17.2
comparison,optimized-http,1024,ladder,1000,3,28,4,2026-10-05T07:15:44.261Z,1.625,1.842,1.991,301,slow,fast,1000.4,0,2.647,15.135,true,56
comparison,group-batch,1024,ladder,1000,3,28,5,2026-10-05T07:16:14.012Z,0.3,0.49,0.735,301,fast,slow,1000,0,2.075,5.207,true,55.6
comparison,group-batch-pipeline,1024,ladder,1000,3,28,6,2026-10-05T07:16:43.724Z,1.622,1.776,2.059,301,slow,slow,1000.3,0,9.687,18.095,true,40.2
comparison,group-commit,1024,ladder,1000,4,29,0,2026-10-05T07:17:13.525Z,1.798,1.938,2.177,301,slow,fast,1000.4,0,7.679,14.071,true,40.9
comparison,batch-only,1024,ladder,1000,4,29,1,2026-10-05T07:17:43.295Z,0.309,0.471,0.59,301,fast,slow,959.5,0,12.503,1579.007,false,53.6
comparison,baseline,1024,ladder,1000,4,29,2,2026-10-05T07:18:14.696Z,1.832,2.131,2.533,301,slow,fast,477.6,0.3589,5832.703,10002.431,false,18.6
comparison,group-batch,1024,ladder,1000,4,29,3,2026-10-05T07:18:47.695Z,0.33,0.506,0.762,301,fast,slow,999.6,0,2.773,14.591,true,61.1
comparison,optimized-binary,1024,ladder,1000,4,29,4,2026-10-05T07:19:17.378Z,1.862,2.225,3.121,301,slow,slow,1000.4,0,8.495,15.823,true,31.8
comparison,group-batch-pipeline,1024,ladder,1000,4,29,5,2026-10-05T07:19:47.240Z,1.67,1.96,2.159,301,slow,slow,1000,0,10.879,18.543,true,43.6
comparison,optimized-http,1024,ladder,1000,4,29,6,2026-10-05T07:20:17.007Z,1.867,2.099,2.247,301,slow,slow,1000,0,10.663,18.687,true,42.4
comparison,optimized-binary,16384,ladder,1500,0,30,0,2026-10-05T07:20:47.121Z,1.703,1.93,2.847,300,slow,fast,1500.3,0,3.269,17.519,true,67.3
comparison,optimized-http,16384,ladder,1500,0,30,1,2026-10-05T07:21:16.999Z,0.38,0.537,0.663,301,fast,slow,1500.3,0,13.887,26.159,true,77.7
comparison,group-commit,1024,ladder,1500,0,30,2,2026-10-05T07:21:46.875Z,1.89,2.111,2.643,301,slow,slow,1501,0,10.735,19.887,true,38.7
comparison,optimized-binary,64,ladder,1500,0,30,3,2026-10-05T07:22:16.666Z,1.705,1.961,3.729,301,slow,fast,1500.3,0,1.758,12.639,true,48.7
comparison,group-batch,1024,ladder,1500,0,30,4,2026-10-05T07:22:46.588Z,0.353,0.532,1.331,301,fast,slow,1500.6,0,10.583,17.407,true,36.6
comparison,optimized-http,64,ladder,1500,0,30,5,2026-10-05T07:23:16.253Z,1.751,2.095,5.395,301,slow,slow,1499.8,0,11.503,18.927,true,40.6
comparison,group-batch-pipeline,1024,ladder,1500,0,30,6,2026-10-05T07:23:45.919Z,1.869,2.105,2.293,301,slow,fast,1500.9,0,10.623,18.671,true,63.3
comparison,optimized-binary,1024,ladder,1500,0,30,7,2026-10-05T07:24:15.711Z,0.338,0.465,0.674,301,fast,slow,1499.2,0,2.041,15.391,true,42
comparison,optimized-http,1024,ladder,1500,0,30,8,2026-10-05T07:24:45.483Z,1.762,1.998,2.191,301,slow,slow,1500,0,11.511,19.743,true,57.8
comparison,group-commit,1024,ladder,1500,1,31,0,2026-10-05T07:25:15.271Z,1.715,1.954,2.293,301,slow,fast,1500.5,0,3.067,15.391,true,63.8
comparison,optimized-binary,16384,ladder,1500,1,31,1,2026-10-05T08:12:16.966Z,0.334,0.478,0.56,301,fast,slow,1499.6,0,6.963,17.583,true,57
comparison,group-batch,1024,ladder,1500,1,31,2,2026-10-05T08:12:47.040Z,1.711,1.959,2.047,301,slow,fast,1500.4,0,2.923,15.943,true,59.1
comparison,optimized-http,16384,ladder,1500,1,31,3,2026-10-05T08:13:16.819Z,0.336,0.465,0.526,301,fast,slow,1500.3,0,16.927,30.719,true,68.9
comparison,group-batch-pipeline,1024,ladder,1500,1,31,4,2026-10-05T08:13:46.881Z,1.685,2.081,3.677,301,slow,fast,1500.3,0,11.519,19.471,true,56.6
comparison,optimized-binary,64,ladder,1500,1,31,5,2026-10-05T08:14:16.559Z,0.334,1.705,1.914,301,fast,fast,1500,0,6.971,13.303,true,34.2
comparison,optimized-http,1024,ladder,1500,1,31,6,2026-10-05T08:14:46.337Z,0.309,0.578,0.715,301,fast,slow,1499.3,0,4.727,18.175,true,74.1
comparison,optimized-http,64,ladder,1500,1,31,7,2026-10-05T08:15:16.042Z,1.659,1.769,1.954,301,slow,slow,1500.1,0,9.911,19.007,true,53.9
comparison,optimized-binary,1024,ladder,1500,1,31,8,2026-10-05T08:15:45.836Z,1.835,2.055,2.433,301,slow,slow,1499.8,0,8.199,15.303,true,33.5
comparison,group-batch,1024,ladder,1500,2,32,0,2026-10-05T08:16:15.592Z,1.727,1.961,3.407,301,slow,slow,1500.2,0,8.591,17.103,true,45
comparison,group-commit,1024,ladder,1500,2,32,1,2026-10-05T08:16:45.399Z,1.882,2.131,2.183,301,slow,fast,1500.7,0,8.711,14.967,true,49.1
comparison,group-batch-pipeline,1024,ladder,1500,2,32,2,2026-10-05T08:17:15.173Z,0.333,0.537,0.674,301,fast,slow,1500.2,0,6.255,17.743,true,77.5
comparison,optimized-binary,16384,ladder,1500,2,32,3,2026-10-05T08:17:44.972Z,1.936,2.165,2.321,301,slow,slow,1500.2,0,9.399,19.023,true,45.2
comparison,optimized-http,1024,ladder,1500,2,32,4,2026-10-05T08:18:14.865Z,1.653,1.807,1.973,301,slow,slow,1500,0,4.587,17.151,true,74.3
comparison,optimized-http,16384,ladder,1500,2,32,5,2026-10-05T08:18:44.711Z,1.834,2.039,2.139,301,slow,slow,1501.2,0,17.967,31.071,true,68.5
comparison,optimized-binary,1024,ladder,1500,2,32,6,2026-10-05T08:19:14.747Z,1.734,2.012,2.201,300,slow,slow,1500.3,0,2.355,13.735,true,45.7
comparison,optimized-binary,64,ladder,1500,2,32,7,2026-10-05T08:19:44.356Z,1.692,1.958,2.151,301,slow,fast,1500.5,0,5.399,13.559,true,36.8
comparison,optimized-http,64,ladder,1500,2,32,8,2026-10-05T08:20:13.957Z,0.319,0.567,0.659,301,fast,slow,1500,0,9.887,16.895,true,44.6
comparison,optimized-http,1024,ladder,1500,3,33,0,2026-10-05T08:20:43.867Z,1.67,1.901,2.237,301,slow,fast,1500.2,0,8.351,17.231,true,62.2
comparison,optimized-binary,1024,ladder,1500,3,33,1,2026-10-05T08:21:13.601Z,0.307,0.58,0.729,300,fast,slow,1499.8,0,8.671,14.903,true,31.1
comparison,group-batch-pipeline,1024,ladder,1500,3,33,2,2026-10-05T08:21:43.257Z,1.85,5.023,5.335,301,slow,fast,1500.3,0,8.063,18.591,true,70.4
comparison,group-commit,1024,ladder,1500,3,33,3,2026-10-05T08:22:13.020Z,0.301,0.41,0.521,301,fast,slow,1500.1,0,9.959,16.447,true,38.1
comparison,group-batch,1024,ladder,1500,3,33,4,2026-10-05T08:22:42.763Z,1.696,1.82,1.963,301,slow,slow,1499.3,0,2.787,13.159,true,67.4
comparison,optimized-binary,1024,ladder,1500,4,34,0,2026-10-05T08:23:12.545Z,1.714,1.975,2.217,301,slow,slow,1500.1,0,8.599,15.447,true,27.2
comparison,group-commit,1024,ladder,1500,4,34,1,2026-10-05T08:23:42.427Z,1.677,2.03,2.797,301,slow,fast,1500.5,0,9.431,17.119,true,43.3
comparison,optimized-http,1024,ladder,1500,4,34,2,2026-10-05T08:24:12.142Z,0.318,0.44,0.774,301,fast,slow,1499.5,0,5.203,17.743,true,70.6
comparison,group-batch,1024,ladder,1500,4,34,3,2026-10-05T08:24:41.785Z,1.695,1.882,1.983,301,slow,slow,1499.9,0,10.175,16.959,true,35.5
comparison,group-batch-pipeline,1024,ladder,1500,4,34,4,2026-10-05T08:25:11.478Z,1.638,1.972,2.953,301,slow,fast,1500.4,0,9.919,18.303,true,57.7
comparison,optimized-binary,1024,ladder,2000,0,35,0,2026-10-05T08:25:41.479Z,0.301,0.49,0.603,301,fast,slow,1999,0,6.731,14.719,true,40.5
comparison,optimized-http,1024,ladder,2000,0,35,1,2026-10-05T08:26:11.166Z,1.976,2.329,2.431,301,slow,fast,2001,0,10.079,18.303,true,63
comparison,optimized-http,64,ladder,2000,0,35,2,2026-10-05T08:26:40.978Z,0.3,0.43,0.587,301,fast,slow,1999.8,0,7.695,16.399,true,71.8
comparison,group-batch-pipeline,1024,ladder,2000,0,35,3,2026-10-05T08:27:10.805Z,1.73,1.946,2.075,301,slow,slow,2000.3,0,12.919,20.383,true,46.5
comparison,optimized-binary,64,ladder,2000,0,35,4,2026-10-05T08:27:40.496Z,1.662,1.874,2.028,301,slow,fast,2000.8,0,2.131,13.375,true,44.3
comparison,group-batch,1024,ladder,2000,0,35,5,2026-10-05T08:28:10.228Z,0.341,0.454,0.571,301,fast,slow,1999.5,0,9.847,16.671,true,39.1
comparison,optimized-http,16384,ladder,2000,0,35,6,2026-10-05T08:28:39.888Z,1.634,1.819,1.961,301,slow,slow,2000.9,0,21.663,48.639,true,77
comparison,group-commit,1024,ladder,2000,0,35,7,2026-10-05T08:29:10.006Z,1.736,1.975,2.213,301,slow,fast,2000.5,0,9.487,16.183,true,51.7
comparison,optimized-binary,16384,ladder,2000,0,35,8,2026-10-05T08:29:39.752Z,0.298,0.531,0.659,301,fast,slow,1999.7,0,7.395,21.055,true,66.9
comparison,group-commit,1024,ladder,2000,1,36,0,2026-10-05T08:30:09.841Z,1.706,2.065,2.333,301,slow,slow,1999.9,0,9.471,16.527,true,51.7
comparison,group-batch,1024,ladder,2000,1,36,1,2026-10-05T08:30:39.701Z,1.889,2.177,2.843,301,slow,fast,2000.5,0,9.071,16.719,true,47.4
comparison,optimized-binary,16384,ladder,2000,1,36,2,2026-10-05T08:31:09.642Z,0.325,0.45,0.561,301,fast,slow,1999.4,0,6.983,19.231,true,61.9
comparison,group-batch-pipeline,1024,ladder,2000,1,36,3,2026-10-05T08:31:39.732Z,1.872,2.417,4.691,301,slow,slow,2000.5,0,12.975,21.615,true,60.9
comparison,optimized-http,16384,ladder,2000,1,36,4,2026-10-05T08:32:09.626Z,1.717,2.109,2.591,301,slow,slow,1998.8,0,22.991,57.759,true,77
comparison,optimized-http,1024,ladder,2000,1,36,5,2026-10-05T08:32:39.795Z,1.809,2.177,3.031,301,slow,fast,2000.3,0,10.855,18.879,true,77.2
comparison,optimized-binary,64,ladder,2000,1,36,6,2026-10-05T08:33:09.659Z,0.336,0.565,0.811,301,fast,slow,1999.5,0,8.343,16.151,true,30
comparison,optimized-binary,1024,ladder,2000,1,36,7,2026-10-05T08:33:39.494Z,1.928,2.207,2.459,301,slow,fast,2000.6,0,7.443,14.863,true,40.5
comparison,optimized-http,64,ladder,2000,1,36,8,2026-10-05T08:34:09.315Z,0.315,3.847,5.271,301,fast,slow,1999.5,0,10.447,20.463,true,72.3
comparison,group-batch,1024,ladder,2000,2,37,0,2026-10-05T08:34:39.026Z,1.881,2.165,2.343,301,slow,fast,2000.5,0,8.975,16.831,true,52.1
comparison,group-batch-pipeline,1024,ladder,2000,2,37,1,2026-10-05T08:35:08.888Z,0.312,0.447,0.575,301,fast,slow,1999.6,0,6.103,17.311,true,80.7
comparison,group-commit,1024,ladder,2000,2,37,2,2026-10-05T08:35:38.688Z,1.933,2.287,2.627,301,slow,fast,2000.7,0,10.479,17.519,true,41.7
comparison,optimized-http,1024,ladder,2000,2,37,3,2026-10-05T08:36:09.064Z,0.356,0.908,5.347,301,fast,slow,2000.3,0,9.423,19.087,true,78.6
comparison,optimized-binary,16384,ladder,2000,2,37,4,2026-10-05T08:36:38.824Z,1.849,2.046,2.147,301,slow,fast,2000.8,0,7.947,21.711,true,63.6
comparison,optimized-binary,1024,ladder,2000,2,37,5,2026-10-05T08:37:08.771Z,0.317,0.424,0.576,301,fast,slow,1998.8,0,2.277,15.095,true,46
comparison,optimized-http,16384,ladder,2000,2,37,6,2026-10-05T08:37:38.484Z,1.916,2.205,2.317,301,slow,slow,2000.2,0,20.207,34.175,true,81.2
comparison,optimized-http,64,ladder,2000,2,37,7,2026-10-05T08:38:08.587Z,1.665,1.832,1.892,301,slow,fast,2000.2,0,9.231,17.663,true,75.7
comparison,optimized-binary,64,ladder,2000,2,37,8,2026-10-05T08:38:38.498Z,0.318,0.445,0.563,301,fast,slow,1999.4,0,8.191,14.639,true,32.9
comparison,group-batch,1024,ladder,2000,3,38,0,2026-10-05T08:39:08.196Z,1.68,2.008,2.217,301,slow,fast,2000.7,0,9.383,16.735,true,45.6
comparison,group-commit,1024,ladder,2000,3,38,1,2026-10-05T08:39:38.228Z,0.284,0.377,0.519,301,fast,slow,1999.1,0,3.167,15.191,true,68.2
comparison,group-batch-pipeline,1024,ladder,2000,3,38,2,2026-10-05T08:40:07.910Z,1.816,2.035,2.301,301,slow,slow,2000.5,0,12.751,19.695,true,46.3
comparison,optimized-binary,1024,ladder,2000,3,38,3,2026-10-05T08:40:37.752Z,1.627,1.901,2.155,301,slow,slow,1999.1,0,8.543,15.591,true,33.1
comparison,optimized-http,1024,ladder,2000,3,38,4,2026-10-05T08:41:07.534Z,1.681,1.98,3.011,301,slow,fast,2000.3,0,11.679,20.207,true,65.5
comparison,group-batch-pipeline,1024,ladder,2000,4,39,0,2026-10-05T08:41:37.337Z,0.356,0.574,0.726,301,fast,slow,2000,0,12.839,19.343,true,49.5
comparison,group-batch,1024,ladder,2000,4,39,1,2026-10-05T08:42:07.074Z,1.894,3.083,5.451,301,slow,fast,2001.8,0,9.559,16.543,true,44.9
comparison,optimized-http,1024,ladder,2000,4,39,2,2026-10-05T08:42:37.014Z,0.357,0.626,0.837,301,fast,slow,1999.7,0,10.671,19.535,true,69.1
comparison,group-commit,1024,ladder,2000,4,39,3,2026-10-05T08:43:06.780Z,1.876,5.079,8.479,301,slow,fast,2000.6,0,9.255,18.143,true,50.9
comparison,optimized-binary,1024,ladder,2000,4,39,4,2026-10-05T08:43:36.539Z,0.348,0.578,0.778,301,fast,slow,1999.2,0,2.345,14.903,true,45.3
comparison,optimized-binary,1024,ladder,3000,0,40,0,2026-10-05T08:44:06.413Z,1.904,5.023,8.455,301,slow,slow,3000,0,8.655,15.511,true,41.5
comparison,optimized-http,64,ladder,3000,0,40,1,2026-10-05T08:44:36.303Z,1.697,1.825,1.965,301,slow,fast,3000.5,0,11.655,20.479,true,85
comparison,optimized-http,1024,ladder,3000,0,40,2,2026-10-05T08:45:06.084Z,0.345,0.591,0.871,301,fast,slow,2999.7,0,13.351,21.343,true,50.9
comparison,optimized-binary,64,ladder,3000,0,40,3,2026-10-05T08:45:35.900Z,1.83,2.063,2.223,301,slow,fast,3000.3,0,5.179,13.623,true,56.3
comparison,group-batch-pipeline,1024,ladder,3000,0,40,4,2026-10-05T08:46:05.641Z,0.366,0.505,0.591,301,fast,slow,3001,0,13.623,21.551,true,54.6
comparison,optimized-http,16384,ladder,3000,0,40,5,2026-10-05T08:46:35.355Z,1.907,2.853,8.551,301,slow,fast,3040.1,0,39.903,235.391,true,93.5
comparison,group-batch,1024,ladder,3000,0,40,6,2026-10-05T08:47:05.578Z,0.347,0.563,0.682,301,fast,slow,3000.8,0,11.487,17.935,true,39.1
comparison,optimized-binary,16384,ladder,3000,0,40,7,2026-10-05T08:47:35.402Z,1.739,2.701,6.179,301,slow,fast,3005.2,0,15.295,48.959,true,77.6
comparison,group-commit,1024,ladder,3000,0,40,8,2026-10-05T08:48:05.632Z,0.333,0.443,0.499,301,fast,slow,3001.1,0,11.343,18.367,true,45.3
comparison,optimized-http,64,ladder,3000,1,41,0,2026-10-05T08:48:35.466Z,1.664,1.833,1.914,301,slow,slow,3000.5,0,12.071,19.119,true,80.3
comparison,optimized-binary,64,ladder,3000,1,41,1,2026-10-05T08:49:05.319Z,1.652,1.804,1.889,301,slow,slow,3000.4,0,8.495,14.927,true,35.5
comparison,optimized-binary,1024,ladder,3000,1,41,2,2026-10-05T08:49:35.263Z,1.68,2.025,2.365,301,slow,fast,3000.6,0,7.663,15.471,true,46.1
comparison,optimized-http,16384,ladder,3000,1,41,3,2026-10-05T08:50:05.154Z,0.353,0.499,0.604,301,fast,slow,2998.9,0,45.759,96.831,true,87.3
comparison,optimized-http,1024,ladder,3000,1,41,4,2026-10-05T08:50:35.266Z,1.704,2.001,2.529,300,slow,slow,2999.3,0,13.279,21.215,true,52.5
comparison,optimized-binary,16384,ladder,3000,1,41,5,2026-10-05T08:51:05.114Z,1.807,1.987,2.793,301,slow,slow,3001.9,0,12.375,33.119,true,75.2
comparison,group-batch-pipeline,1024,ladder,3000,1,41,6,2026-10-05T08:51:35.362Z,1.715,1.975,7.615,300,slow,slow,3000.8,0,13.871,24.095,true,56.2
comparison,group-commit,1024,ladder,3000,1,41,7,2026-10-05T08:52:05.276Z,1.727,2.027,2.119,301,slow,fast,3001.2,0,4.555,16.335,true,62.8
comparison,group-batch,1024,ladder,3000,1,41,8,2026-10-05T08:52:35.042Z,0.351,5.011,5.255,301,fast,fast,3000.4,0,3.341,6.635,true,73.7
comparison,optimized-binary,64,ladder,3000,2,42,0,2026-10-05T08:53:04.842Z,1.728,2.007,2.121,301,slow,slow,2998.8,0,8.655,15.751,true,33.4
comparison,optimized-http,16384,ladder,3000,2,42,1,2026-10-05T08:53:34.641Z,1.651,1.871,2.115,301,slow,fast,2998.9,0,30.255,74.303,true,104.6
comparison,optimized-http,64,ladder,3000,2,42,2,2026-10-05T08:54:04.917Z,0.335,0.515,0.584,301,fast,slow,2999.7,0,13.015,20.303,true,48.6
comparison,optimized-binary,16384,ladder,3000,2,42,3,2026-10-05T08:54:34.705Z,1.784,2.067,2.199,301,slow,slow,3001,0,18.127,42.495,true,72.3
comparison,optimized-binary,1024,ladder,3000,2,42,4,2026-10-05T08:55:05.139Z,1.673,1.97,3.119,301,slow,slow,2999.7,0,2.293,14.095,true,57
comparison,group-commit,1024,ladder,3000,2,42,5,2026-10-05T08:55:34.905Z,1.816,2.067,2.219,301,slow,slow,3002.4,0,11.735,19.551,true,44.1
comparison,optimized-http,1024,ladder,3000,2,42,6,2026-10-05T08:56:04.773Z,1.718,3.253,3.979,301,slow,slow,2999.7,0,13.527,21.647,true,54.9
comparison,group-batch,1024,ladder,3000,2,42,7,2026-10-05T08:56:34.815Z,1.835,2.487,8.687,301,slow,fast,3001.7,0,9.639,17.087,true,51.9
comparison,group-batch-pipeline,1024,ladder,3000,2,42,8,2026-10-05T08:57:04.661Z,0.343,0.488,0.814,301,fast,slow,3000.1,0,13.647,21.343,true,80.5
comparison,optimized-http,1024,ladder,3000,3,43,0,2026-10-05T08:57:34.361Z,1.691,1.945,5.879,298,slow,slow,3000.7,0,13.431,20.687,true,54.2
comparison,optimized-binary,1024,ladder,3000,3,43,1,2026-10-05T08:58:04.241Z,1.663,1.797,1.871,301,slow,slow,2999.9,0,8.935,15.935,true,39.6
comparison,group-batch-pipeline,1024,ladder,3000,3,43,2,2026-10-05T08:58:34.070Z,1.931,2.219,2.885,301,slow,fast,3000.8,0,13.175,20.399,true,76.2
comparison,group-commit,1024,ladder,3000,3,43,3,2026-10-05T08:59:03.843Z,0.348,0.484,0.612,301,fast,slow,2998.6,0,11.335,18.111,true,45.8
comparison,group-batch,1024,ladder,3000,3,43,4,2026-10-05T08:59:33.700Z,1.669,1.838,2.315,300,slow,fast,3000,0,3.365,6.467,true,74.6
comparison,optimized-binary,1024,ladder,3000,4,44,0,2026-10-05T09:00:03.652Z,0.346,0.565,0.699,301,fast,slow,3000,0,9.119,17.167,true,33.6
comparison,group-commit,1024,ladder,3000,4,44,1,2026-10-05T09:00:33.297Z,1.957,2.343,2.807,301,slow,fast,3001.6,0,9.927,17.535,true,58.1
comparison,optimized-http,1024,ladder,3000,4,44,2,2026-10-05T09:01:03.116Z,0.34,0.481,0.631,301,fast,slow,2999.8,0,12.719,19.791,true,73.3
comparison,group-batch,1024,ladder,3000,4,44,3,2026-10-05T09:01:32.968Z,1.945,2.243,2.487,300,slow,fast,3000.7,0,11.071,17.311,true,45.6
comparison,group-batch-pipeline,1024,ladder,3000,4,44,4,2026-10-05T09:02:02.774Z,0.366,3.785,5.443,300,fast,slow,3000.5,0,13.975,20.879,true,81.2
comparison,optimized-http,64,ladder,4000,0,45,0,2026-10-05T09:02:32.843Z,1.697,1.896,2.059,301,slow,slow,4000.3,0,13.623,21.807,true,55.9
comparison,optimized-binary,1024,ladder,4000,0,45,1,2026-10-05T09:03:02.649Z,1.84,2.185,2.387,301,slow,fast,4001.2,0,2.813,14.383,true,55.1
comparison,optimized-binary,64,ladder,4000,0,45,2,2026-10-05T09:03:32.604Z,0.377,1.899,2.105,300,fast,fast,4000.8,0,7.695,15.759,true,46.9
comparison,optimized-http,1024,ladder,4000,0,45,3,2026-10-05T09:04:02.476Z,0.357,0.553,0.777,301,fast,slow,4000.3,0,14.303,21.663,true,81.4
comparison,optimized-http,16384,ladder,4000,0,45,4,2026-10-05T09:04:32.190Z,1.707,2.417,5.295,301,slow,slow,3216.8,0,4186.111,6246.399,false,86.6
comparison,group-batch-pipeline,1024,ladder,4000,0,45,5,2026-10-05T09:05:08.675Z,1.692,5.335,11.895,300,slow,fast,3999.9,0,16.719,23.679,true,88.4
comparison,optimized-binary,16384,ladder,4000,0,45,6,2026-10-05T09:05:38.562Z,0.343,0.513,0.618,301,fast,slow,3711.7,0,1547.263,2504.703,false,83.3
comparison,group-batch,1024,ladder,4000,0,45,7,2026-10-05T09:06:11.265Z,1.741,1.968,2.083,301,slow,slow,4001.1,0,10.839,18.767,true,52
comparison,group-commit,1024,ladder,4000,0,45,8,2026-10-05T09:06:41.130Z,1.852,2.042,2.195,301,slow,fast,4001.8,0,11.967,19.087,true,57.8
comparison,optimized-binary,64,ladder,4000,1,46,0,2026-10-05T09:07:11.833Z,0.348,0.506,0.784,301,fast,slow,3999.1,0,2.681,16.295,true,52.5
comparison,optimized-http,64,ladder,4000,1,46,1,2026-10-05T09:07:41.526Z,2.044,2.355,2.685,301,slow,fast,4000.7,0,13.247,20.207,true,75.7
comparison,optimized-http,16384,ladder,4000,1,46,2,2026-10-05T09:08:11.327Z,0.333,0.471,0.588,301,fast,slow,3714.3,0,1595.391,2785.279,false,99.6
comparison,optimized-binary,1024,ladder,4000,1,46,3,2026-10-05T09:08:44.383Z,1.681,2.129,2.595,301,slow,slow,3999.9,0,9.471,17.967,true,39.5
comparison,optimized-binary,16384,ladder,4000,1,46,4,2026-10-05T09:09:14.266Z,1.95,5.099,6.291,301,slow,fast,3791.6,0,2015.231,2129.919,false,86.4
comparison,optimized-http,1024,ladder,4000,1,46,5,2026-10-05T09:09:46.841Z,0.369,5.287,7.331,300,fast,slow,4000.3,0,15.047,21.711,true,77.7
comparison,group-commit,1024,ladder,4000,1,46,6,2026-10-05T09:10:16.782Z,1.729,1.948,2.121,301,slow,fast,4001.6,0,10.887,19.823,true,63.3
comparison,group-batch-pipeline,1024,ladder,4000,1,46,7,2026-10-05T09:10:46.646Z,0.362,0.556,0.808,301,fast,slow,4000.5,0,16.575,24.879,true,59.3
comparison,group-batch,1024,ladder,4000,1,46,8,2026-10-05T09:11:16.601Z,1.794,2.099,2.259,300,slow,fast,4000.9,0,11.119,19.263,true,54.2
comparison,optimized-http,16384,ladder,4000,2,47,0,2026-10-05T09:11:46.467Z,0.352,0.536,0.859,301,fast,slow,3621.2,0,2013.183,3604.479,false,99.2
comparison,optimized-binary,64,ladder,4000,2,47,1,2026-10-05T09:13:48.269Z,1.863,2.139,2.491,301,slow,fast,4001.2,0,2.503,14.431,true,58.4
comparison,optimized-binary,16384,ladder,4000,2,47,2,2026-10-05T09:14:18.149Z,0.346,0.462,0.533,301,fast,slow,4038.4,0,196.095,559.615,true,94.9
comparison,optimized-http,64,ladder,4000,2,47,3,2026-10-05T09:14:48.872Z,1.928,2.197,2.811,301,slow,fast,4000.1,0,13.815,23.407,true,69.6
comparison,group-commit,1024,ladder,4000,2,47,4,2026-10-05T09:15:18.717Z,0.336,0.44,0.531,301,fast,fast,4000,0,4.615,8.207,true,78.7
comparison,optimized-binary,1024,ladder,4000,2,47,5,2026-10-05T09:15:48.386Z,0.354,0.554,0.971,300,fast,slow,3999.7,0,9.231,17.199,true,43.5
comparison,group-batch,1024,ladder,4000,2,47,6,2026-10-05T09:16:18.134Z,1.97,2.267,2.547,301,slow,fast,4002.9,0,12.359,19.359,true,49.4
comparison,optimized-http,1024,ladder,4000,2,47,7,2026-10-05T09:16:47.999Z,0.347,0.46,0.64,301,fast,slow,3999.8,0,14.327,21.503,true,83.5
comparison,group-batch-pipeline,1024,ladder,4000,2,47,8,2026-10-05T09:17:17.825Z,1.921,5.299,8.583,301,slow,slow,4001.2,0,16.263,24.335,true,72.2
comparison,group-batch,1024,ladder,4000,3,48,0,2026-10-05T09:17:47.661Z,2.012,2.363,2.613,301,slow,fast,4002.7,0,11.823,20.991,true,52.6
comparison,group-commit,1024,ladder,4000,3,48,1,2026-10-05T09:18:17.460Z,0.37,2.685,5.515,301,fast,fast,4000.7,0,4.503,7.807,true,81.1
comparison,group-batch-pipeline,1024,ladder,4000,3,48,2,2026-10-05T09:18:47.259Z,0.351,0.488,0.609,301,fast,slow,3999.2,0,16.399,25.455,true,57.1
comparison,optimized-binary,1024,ladder,4000,3,48,3,2026-10-05T09:19:17.174Z,2.013,4.923,7.219,301,slow,fast,4001.5,0,7.543,15.639,true,52.5
comparison,optimized-http,1024,ladder,4000,3,48,4,2026-10-05T09:19:46.822Z,0.337,0.536,0.716,301,fast,slow,3999.8,0,13.719,20.655,true,89.2
comparison,group-batch-pipeline,1024,ladder,4000,4,49,0,2026-10-05T09:20:16.559Z,2.037,2.309,2.469,301,slow,fast,4000.6,0,15.279,23.023,true,78.3
comparison,group-batch,1024,ladder,4000,4,49,1,2026-10-05T09:20:46.411Z,0.337,0.53,0.685,301,fast,fast,3999.8,0,3.719,7.307,true,77.1
comparison,optimized-http,1024,ladder,4000,4,49,2,2026-10-05T09:21:16.143Z,0.336,0.48,0.603,301,fast,slow,3999.3,0,14.567,22.511,true,52.6
comparison,group-commit,1024,ladder,4000,4,49,3,2026-10-05T09:21:46.016Z,1.867,2.679,8.067,301,slow,fast,4001.8,0,11.103,19.535,true,63.1
comparison,optimized-binary,1024,ladder,4000,4,49,4,2026-10-05T09:22:15.833Z,0.343,0.539,0.953,301,fast,slow,3998.9,0,7.599,16.927,true,52.3
comparison,group-batch,1024,ladder,5000,0,50,0,2026-10-05T09:22:45.895Z,1.774,1.987,2.163,301,slow,slow,4997.5,0,13.927,22.031,true,48.9
comparison,group-commit,1024,ladder,5000,0,50,1,2026-10-05T09:23:15.750Z,1.719,1.973,2.251,301,slow,fast,5001.9,0,6.559,21.471,true,71.3
comparison,group-batch-pipeline,1024,ladder,5000,0,50,2,2026-10-05T09:23:45.570Z,0.355,0.538,0.648,300,fast,fast,4999.4,0,18.591,26.031,true,94.6
comparison,optimized-binary,16384,ladder,5000,0,50,3,2026-10-05T09:24:15.497Z,0.368,5.255,5.647,301,fast,slow,3717.5,0.02893,5488.639,9134.079,false,81.5
comparison,optimized-http,1024,ladder,5000,0,50,4,2026-10-05T09:24:54.462Z,1.77,2.065,2.283,301,slow,fast,5000.3,0,16.431,22.991,true,98.6
comparison,optimized-http,16384,ladder,5000,0,50,5,2026-10-05T09:25:24.445Z,0.346,0.656,0.964,301,fast,slow,3315.5,0.19702,7876.607,10002.431,false,89.9
comparison,optimized-binary,1024,ladder,5000,0,50,6,2026-10-05T09:26:04.693Z,1.89,4.707,9.159,301,slow,fast,5003.1,0,2.447,15.671,true,69.8
comparison,optimized-binary,64,ladder,5000,0,50,7,2026-10-05T09:26:34.539Z,0.333,0.486,0.627,301,fast,slow,5000.2,0,9.279,16.879,true,43.1
comparison,optimized-http,64,ladder,5000,0,50,8,2026-10-05T09:27:04.440Z,1.914,2.223,2.465,301,slow,fast,4999.6,0,15.415,22.607,true,82.4
comparison,group-batch-pipeline,1024,ladder,5000,1,51,0,2026-10-05T09:27:34.247Z,0.336,0.498,0.606,301,fast,slow,5000.1,0,18.767,28.319,true,94.1
comparison,group-batch,1024,ladder,5000,1,51,1,2026-10-05T09:28:03.959Z,1.906,2.219,2.433,301,slow,fast,4998.3,0,13.415,20.719,true,55.2
comparison,optimized-http,1024,ladder,5000,1,51,2,2026-10-05T09:28:33.800Z,0.344,0.536,1.444,301,fast,slow,4999.4,0,16.279,22.751,true,96.8
comparison,group-commit,1024,ladder,5000,1,51,3,2026-10-05T09:29:03.608Z,2.051,2.497,2.867,301,slow,slow,4999.4,0,14.879,23.615,true,55.3
comparison,optimized-binary,1024,ladder,5000,1,51,4,2026-10-05T09:29:33.300Z,1.775,2.241,2.695,301,slow,slow,4998.6,0,2.679,17.839,true,63.6
comparison,optimized-binary,16384,ladder,5000,1,51,5,2026-10-05T09:30:03.029Z,1.841,2.109,2.325,301,slow,fast,3898.8,0.03131,5263.359,7634.943,false,92.9
comparison,optimized-http,64,ladder,5000,1,51,6,2026-10-05T09:30:40.508Z,0.34,0.44,0.581,301,fast,slow,5002.4,0,15.583,24.799,true,58.3
comparison,optimized-http,16384,ladder,5000,1,51,7,2026-10-05T09:31:10.265Z,1.817,2.183,5.139,301,slow,fast,3430.6,0.07719,7938.047,10002.431,false,91.8
comparison,optimized-binary,64,ladder,5000,1,51,8,2026-10-05T09:31:50.302Z,0.34,0.441,0.542,301,fast,slow,4997.1,0,7.623,15.239,true,52.5
comparison,optimized-http,1024,ladder,5000,2,52,0,2026-10-05T09:32:20.093Z,1.691,1.942,2.263,301,slow,slow,4999.8,0,16.303,24.863,true,63.6
comparison,group-batch-pipeline,1024,ladder,5000,2,52,1,2026-10-05T09:32:49.914Z,1.799,2.137,2.377,301,slow,slow,5000.4,0,18.479,27.359,true,66.8
comparison,optimized-binary,1024,ladder,5000,2,52,2,2026-10-05T09:33:19.801Z,1.663,1.886,2.139,301,slow,fast,5001.2,0,2.913,15.407,true,66.4
comparison,group-batch,1024,ladder,5000,2,52,3,2026-10-05T09:33:49.511Z,1.645,1.938,2.187,301,slow,slow,4999.3,0,13.287,20.639,true,54.6
comparison,optimized-http,64,ladder,5000,2,52,4,2026-10-05T09:34:19.273Z,1.733,1.974,2.099,301,slow,slow,4998.9,0,15.199,22.831,true,89.1
comparison,group-commit,1024,ladder,5000,2,52,5,2026-10-05T09:34:49.024Z,1.837,2.067,2.235,301,slow,slow,5001.6,0,14.751,22.847,true,59.8
comparison,optimized-binary,64,ladder,5000,2,52,6,2026-10-05T09:35:18.951Z,1.67,1.844,2.229,301,slow,slow,5000.3,0,8.943,15.895,true,40.5
comparison,optimized-binary,16384,ladder,5000,2,52,7,2026-10-05T09:35:48.838Z,1.684,1.962,2.131,301,slow,slow,4077.6,0.03128,4022.271,7438.335,false,93.9
comparison,optimized-http,16384,ladder,5000,2,52,8,2026-10-05T09:36:26.355Z,1.8,2.071,2.851,301,slow,slow,3276.9,0.27632,8560.639,10002.431,false,88.1
comparison,optimized-http,1024,ladder,5000,3,53,0,2026-10-05T09:37:06.735Z,1.934,2.199,2.387,301,slow,fast,5000.5,0,16.375,25.391,true,79.1
comparison,optimized-binary,1024,ladder,5000,3,53,1,2026-10-05T09:37:36.662Z,0.352,0.487,0.681,301,fast,slow,4998.3,0,3.195,15.375,true,59.1
comparison,group-batch-pipeline,1024,ladder,5000,3,53,2,2026-10-05T09:38:06.431Z,1.737,1.992,2.265,301,slow,fast,4999.5,0,18.319,27.487,true,77.3
comparison,group-commit,1024,ladder,5000,3,53,3,2026-10-05T09:38:36.188Z,0.354,0.52,0.619,301,fast,fast,5000.1,0,4.943,12.335,true,81.9
comparison,group-batch,1024,ladder,5000,3,53,4,2026-10-05T09:39:06.030Z,0.353,5.099,5.355,301,fast,slow,4999.3,0,13.103,20.767,true,55.4
comparison,optimized-binary,1024,ladder,5000,4,54,0,2026-10-05T09:39:35.857Z,1.728,1.997,2.357,301,slow,slow,5000.2,0,2.613,15.759,true,62.8
comparison,group-commit,1024,ladder,5000,4,54,1,2026-10-05T09:40:05.691Z,1.84,2.075,2.269,301,slow,slow,5000.6,0,14.983,22.767,true,55.2
comparison,optimized-http,1024,ladder,5000,4,54,2,2026-10-05T09:40:35.428Z,1.659,1.838,2.034,301,slow,slow,4997.1,0,16.895,25.519,true,62.7
comparison,group-batch,1024,ladder,5000,4,54,3,2026-10-05T09:41:05.182Z,1.705,2.013,2.115,301,slow,fast,5000.4,0,4.311,8.231,true,79.4
comparison,group-batch-pipeline,1024,ladder,5000,4,54,4,2026-10-05T09:41:34.960Z,0.357,0.502,0.622,301,fast,slow,5001,0,18.175,27.407,true,63.5
comparison,optimized-http,1024,ladder,6000,0,55,0,2026-10-05T09:42:04.950Z,1.834,3.049,5.815,301,slow,fast,6001.1,0,18.911,28.431,true,80.3
comparison,group-batch-pipeline,1024,ladder,6000,0,55,1,2026-10-05T09:42:34.959Z,0.349,0.466,0.585,301,fast,fast,5998.7,0,20.159,31.087,true,99.9
comparison,optimized-binary,1024,ladder,6000,0,55,2,2026-10-05T09:43:04.777Z,0.355,0.596,0.726,301,fast,slow,6002.9,0,10.727,18.847,true,48
comparison,group-batch,1024,ladder,6000,0,55,3,2026-10-05T09:43:34.562Z,1.9,2.135,2.277,301,slow,slow,5998.6,0,14.479,23.167,true,62
comparison,optimized-http,64,ladder,6000,0,55,4,2026-10-05T09:44:04.486Z,1.662,1.818,1.942,301,slow,fast,6001.8,0,17.167,24.783,true,89.4
comparison,group-commit,1024,ladder,6000,0,55,5,2026-10-05T09:44:34.496Z,0.341,0.706,5.183,301,fast,fast,5999.4,0,5.719,9.135,true,85.7
comparison,optimized-binary,64,ladder,6000,0,55,6,2026-10-05T09:45:04.271Z,0.332,0.493,0.643,301,fast,slow,6001.9,0,9.551,17.167,true,46.2
comparison,group-commit,1024,ladder,6000,1,56,0,2026-10-05T09:45:33.964Z,1.847,2.417,5.183,301,slow,slow,6000.6,0,18.047,28.191,true,63.3
comparison,group-batch,1024,ladder,6000,1,56,1,2026-10-05T09:46:03.942Z,1.647,1.834,2.014,301,slow,fast,5999.3,0,4.799,9.223,true,80.6
comparison,optimized-binary,64,ladder,6000,1,56,2,2026-10-05T09:46:33.799Z,0.352,5.303,5.851,301,fast,slow,5999,0,9.599,17.199,true,48.8
comparison,group-batch-pipeline,1024,ladder,6000,1,56,3,2026-10-05T09:47:03.495Z,1.819,2.079,2.277,301,slow,fast,5999.6,0,20.415,31.599,true,82
comparison,optimized-http,64,ladder,6000,1,56,4,2026-10-05T09:47:33.315Z,0.346,0.511,0.892,301,fast,slow,5999.5,0,16.623,25.183,true,94
comparison,optimized-http,1024,ladder,6000,1,56,5,2026-10-05T09:48:03.153Z,1.879,2.115,2.765,301,slow,slow,6000.8,0,18.927,28.207,true,67.7
comparison,optimized-binary,1024,ladder,6000,1,56,6,2026-10-05T09:48:33.219Z,1.708,1.91,2.163,301,slow,slow,5999.1,0,10.487,18.703,true,48.2
comparison,group-batch,1024,ladder,6000,2,57,0,2026-10-05T09:49:03.037Z,1.889,3.129,6.211,300,slow,fast,6002,0,13.927,21.743,true,62.6
comparison,group-batch-pipeline,1024,ladder,6000,2,57,1,2026-10-05T09:49:32.908Z,0.352,0.493,0.645,301,fast,slow,6002,0,20.303,33.567,true,102
comparison,group-commit,1024,ladder,6000,2,57,2,2026-10-05T09:50:02.891Z,1.932,2.133,2.235,301,slow,slow,6000.4,0,18.943,31.903,true,66
comparison,optimized-http,1024,ladder,6000,2,57,3,2026-10-05T09:50:32.763Z,1.692,1.885,1.981,301,slow,fast,5999.8,0,17.487,25.839,true,87.2
comparison,optimized-binary,64,ladder,6000,2,57,4,2026-10-05T09:51:02.686Z,0.346,0.45,0.567,301,fast,slow,5998.9,0,3.275,15.199,true,59.7
comparison,optimized-binary,1024,ladder,6000,2,57,5,2026-10-05T09:51:32.338Z,2.099,2.765,5.283,301,slow,slow,5999.4,0,9.711,17.791,true,56.7
comparison,optimized-http,64,ladder,6000,2,57,6,2026-10-05T09:52:02.263Z,1.74,2.001,2.205,301,slow,fast,5998.9,0,16.863,25.823,true,74.6
comparison,group-batch,1024,ladder,6000,3,58,0,2026-10-05T09:52:32.069Z,0.344,0.551,0.657,301,fast,fast,6001,0,4.863,9.047,true,81.4
comparison,group-commit,1024,ladder,6000,3,58,1,2026-10-05T09:53:01.846Z,0.369,5.355,8.887,301,fast,slow,5995.6,0,17.343,28.159,true,62.6
comparison,group-batch-pipeline,1024,ladder,6000,3,58,2,2026-10-05T09:53:31.623Z,1.674,1.909,2.143,301,slow,slow,5998.3,0,20.991,31.407,true,72.5
comparison,optimized-binary,1024,ladder,6000,3,58,3,2026-10-05T09:54:01.400Z,1.67,2.407,6.091,301,slow,slow,5998.4,0,2.931,16.303,true,66
comparison,optimized-http,1024,ladder,6000,3,58,4,2026-10-05T09:54:31.345Z,1.688,2.01,2.219,300,slow,slow,6001.1,0,19.487,28.063,true,71.1
comparison,group-batch-pipeline,1024,ladder,6000,4,59,0,2026-10-05T09:55:01.215Z,1.727,2.015,2.613,301,slow,fast,6001.6,0,21.167,29.663,true,92.9
comparison,group-batch,1024,ladder,6000,4,59,1,2026-10-05T09:55:31.072Z,0.318,0.458,0.738,301,fast,fast,6000.2,0,4.719,9.175,true,82.3
comparison,optimized-http,1024,ladder,6000,4,59,2,2026-10-05T09:56:00.907Z,0.336,0.504,1.79,301,fast,slow,6000.4,0,19.119,28.511,true,68.9
comparison,group-commit,1024,ladder,6000,4,59,3,2026-10-05T09:56:30.767Z,1.89,2.187,2.477,301,slow,slow,5999.1,0,17.807,27.775,true,64.4
comparison,optimized-binary,1024,ladder,6000,4,59,4,2026-10-05T09:57:00.491Z,1.805,2.841,5.359,301,slow,fast,6001.3,0,3.003,16.735,true,67.1
comparison,optimized-binary,1024,ladder,8000,0,60,0,2026-10-05T09:57:30.602Z,0.343,0.438,0.635,301,fast,slow,8001.1,0,12.439,24.319,true,60.6
comparison,optimized-http,64,ladder,8000,0,60,1,2026-10-05T09:58:00.472Z,1.7,2.751,5.803,301,slow,slow,7540.1,0,1273.855,1663.999,false,66.6
comparison,optimized-http,1024,ladder,8000,0,60,2,2026-10-05T09:58:32.048Z,1.888,2.159,2.315,301,slow,fast,7456.2,0,2242.559,3049.471,false,75.7
comparison,optimized-binary,64,ladder,8000,0,60,3,2026-10-05T09:59:03.638Z,0.357,0.515,0.754,301,fast,slow,7997.1,0,2.925,16.231,true,73.3
comparison,group-batch-pipeline,1024,ladder,8000,0,60,4,2026-10-05T09:59:33.344Z,1.944,3.179,5.311,300,slow,slow,6795.6,0,2945.023,4452.351,false,74.7
comparison,group-commit,1024,ladder,8000,0,60,5,2026-10-05T10:00:07.671Z,1.803,2.135,2.755,301,slow,slow,6511,0,4059.135,5177.343,false,71.6
comparison,group-batch,1024,ladder,8000,0,60,6,2026-10-05T10:00:43.420Z,1.669,2.073,2.203,301,slow,fast,8179.1,0,7.351,310.527,true,85.9
comparison,optimized-http,64,ladder,8000,1,61,0,2026-10-05T10:01:13.392Z,0.331,0.571,0.733,301,fast,fast,7997.9,0,18.479,34.783,true,98.6
comparison,optimized-binary,64,ladder,8000,1,61,1,2026-10-05T10:01:43.257Z,0.329,0.519,0.645,300,fast,slow,7999.1,0,11.375,20.751,true,52.9
comparison,optimized-binary,1024,ladder,8000,1,61,2,2026-10-05T10:02:13.053Z,1.853,2.137,2.291,301,slow,fast,8001,0,10.319,20.079,true,69.6
comparison,group-commit,1024,ladder,8000,1,61,3,2026-10-05T10:02:42.826Z,0.36,0.499,0.6,301,fast,fast,7999.6,0,8.463,16.591,true,90.8
comparison,optimized-http,1024,ladder,8000,1,61,4,2026-10-05T10:03:12.851Z,0.34,0.527,0.732,301,fast,fast,8001.3,0,19.967,36.767,true,99.5
comparison,group-batch,1024,ladder,8000,1,61,5,2026-10-05T10:03:42.647Z,0.334,0.46,0.672,301,fast,slow,6337.1,0,2344.959,5660.671,false,57.2
comparison,group-batch-pipeline,1024,ladder,8000,1,61,6,2026-10-05T10:04:18.308Z,1.694,1.867,2.097,301,slow,fast,8393,0,885.247,1902.591,false,85.8
comparison,optimized-binary,64,ladder,8000,2,62,0,2026-10-05T10:04:48.298Z,0.338,0.453,0.518,301,fast,slow,7997.1,0,3.091,18.831,true,72.7
comparison,group-commit,1024,ladder,8000,2,62,1,2026-10-05T10:05:18.023Z,1.687,2.661,5.295,300,slow,slow,6974.9,0,2365.439,3665.919,false,67.2
comparison,optimized-http,64,ladder,8000,2,62,2,2026-10-05T10:05:51.673Z,1.88,2.219,3.483,301,slow,slow,7499.1,0,1283.071,1831.935,false,65.7
comparison,group-batch,1024,ladder,8000,2,62,3,2026-10-05T10:06:23.399Z,1.681,1.899,5.071,301,slow,fast,8419.7,0,536.575,2142.207,false,81
comparison,optimized-binary,1024,ladder,8000,2,62,4,2026-10-05T10:06:53.362Z,0.333,0.479,0.545,301,fast,slow,7997.8,0,3.927,25.215,true,75
comparison,group-batch-pipeline,1024,ladder,8000,2,62,5,2026-10-05T10:07:23.354Z,1.822,5.471,8.791,301,slow,fast,7027.9,0,2785.279,3592.191,false,69.1
comparison,optimized-http,1024,ladder,8000,2,62,6,2026-10-05T10:07:56.085Z,0.348,0.582,6.107,301,fast,slow,7280.9,0,939.519,1910.783,false,71.5
comparison,optimized-http,1024,ladder,8000,3,63,0,2026-10-05T10:08:27.869Z,1.794,2.245,6.355,301,slow,slow,7373.5,0,1746.943,2441.215,false,70.2
comparison,optimized-binary,1024,ladder,8000,3,63,1,2026-10-05T10:09:00.172Z,1.675,1.875,1.946,301,slow,slow,7996.9,0,3.539,20.607,true,76.9
comparison,group-batch-pipeline,1024,ladder,8000,3,63,2,2026-10-05T10:09:30.062Z,1.884,2.079,2.379,301,slow,slow,6796.1,0,3133.439,4321.279,false,67.6
comparison,group-commit,1024,ladder,8000,3,63,3,2026-10-05T10:10:04.280Z,1.733,2.789,3.483,301,slow,slow,7795.8,0,519.935,1290.239,false,78.3
comparison,group-batch,1024,ladder,8000,3,63,4,2026-10-05T10:10:36.093Z,1.748,1.99,2.193,301,slow,slow,6192.6,0,5238.783,7409.663,false,51.7
comparison,optimized-binary,1024,ladder,8000,4,64,0,2026-10-05T10:11:13.512Z,1.73,2.004,2.533,301,slow,fast,8006.1,0,3.265,18.959,true,79.5
comparison,group-commit,1024,ladder,8000,4,64,1,2026-10-05T10:11:43.404Z,0.364,5.331,8.191,301,fast,slow,7246.5,0,1471.487,2379.775,false,70.4
comparison,optimized-http,1024,ladder,8000,4,64,2,2026-10-05T10:12:15.640Z,1.837,2.033,2.415,301,slow,fast,7947.1,0,1781.759,2582.527,false,73.1
comparison,group-batch,1024,ladder,8000,4,64,3,2026-10-05T10:12:46.249Z,0.333,0.484,0.656,301,fast,fast,8000,0,6.975,13.687,true,88.6
comparison,group-batch-pipeline,1024,ladder,8000,4,64,4,2026-10-05T10:43:12.189Z,0.3,0.465,0.643,301,fast,fast,8002.6,0,19.343,32.687,true,99.7
comparison,optimized-binary,64,ladder,10000,0,65,0,2026-10-05T10:43:42.346Z,0.31,0.484,0.69,301,fast,slow,9997.1,0,16.559,44.799,true,65.7
comparison,optimized-http,64,ladder,10000,0,65,1,2026-10-05T10:44:12.178Z,1.683,2.241,2.819,301,slow,slow,7934.4,0,4816.895,7454.719,false,65.6
comparison,group-commit,1024,ladder,10000,0,65,2,2026-10-05T10:44:49.478Z,1.796,2.589,5.523,301,slow,slow,7331.5,0,5447.679,9068.543,false,69
comparison,optimized-binary,1024,ladder,10000,0,65,3,2026-10-05T10:45:28.382Z,1.68,4.891,6.547,301,slow,fast,10039.2,0,19.679,78.783,true,72.6
comparison,group-batch,1024,ladder,10000,0,65,4,2026-10-05T10:45:58.316Z,0.318,0.508,0.598,300,fast,fast,10015.5,0,10.135,52.895,true,93.2
comparison,optimized-http,1024,ladder,10000,0,65,5,2026-10-05T10:46:28.209Z,0.312,0.522,1.064,301,fast,fast,10000.9,0,22.191,90.815,true,95
comparison,group-batch-pipeline,1024,ladder,10000,0,65,6,2026-10-05T10:46:57.967Z,0.325,0.567,1.119,301,fast,slow,7079.4,0,5451.775,9650.175,false,68.8
comparison,group-commit,1024,ladder,10000,1,66,0,2026-10-05T10:47:37.541Z,1.929,5.099,7.475,301,slow,fast,7475.4,0,5505.023,6602.751,false,73.5
comparison,optimized-binary,64,ladder,10000,1,66,1,2026-10-05T10:48:13.077Z,0.319,0.577,0.777,300,fast,slow,9999.3,0,13.719,35.583,true,63
comparison,group-batch,1024,ladder,10000,1,66,2,2026-10-05T10:48:42.889Z,1.675,1.987,5.315,301,slow,fast,10333,0,11.367,750.591,true,91.6
comparison,optimized-http,64,ladder,10000,1,66,3,2026-10-05T10:49:12.784Z,0.315,0.487,0.554,301,fast,fast,9992.3,0,17.199,34.847,true,96.9
comparison,group-batch-pipeline,1024,ladder,10000,1,66,4,2026-10-05T10:49:42.682Z,0.318,0.477,0.632,301,fast,slow,8253.5,0,934.399,4857.855,false,77.7
comparison,optimized-binary,1024,ladder,10000,1,66,5,2026-10-05T10:50:17.406Z,1.639,1.919,4.255,301,slow,fast,10092.4,0,4.155,196.735,true,82.7
comparison,optimized-http,1024,ladder,10000,1,66,6,2026-10-05T10:50:47.150Z,0.333,5.435,6.139,301,fast,slow,7747,0,2576.383,5754.879,false,72.8
comparison,group-batch,1024,ladder,10000,2,67,0,2026-10-05T10:51:22.729Z,1.658,1.908,2.205,301,slow,fast,10050.2,0,9.031,73.855,true,91.8
comparison,group-commit,1024,ladder,10000,2,67,1,2026-10-05T10:51:52.601Z,0.294,0.496,0.655,301,fast,fast,10126.5,0,39.999,282.879,true,94.5
comparison,group-batch-pipeline,1024,ladder,10000,2,67,2,2026-10-05T10:52:22.481Z,0.311,0.488,0.566,300,fast,fast,10031.8,0,21.743,102.847,true,96.9
comparison,optimized-binary,64,ladder,10000,2,67,3,2026-10-05T10:52:52.355Z,0.302,0.492,0.666,300,fast,slow,9988.9,0,3.637,25.231,true,84.5
comparison,optimized-http,1024,ladder,10000,2,67,4,2026-10-05T10:53:22.319Z,1.785,2.044,2.433,301,slow,slow,6974.3,0.09921,7114.751,10002.431,false,66.7
comparison,optimized-http,64,ladder,10000,2,67,5,2026-10-05T10:54:02.250Z,1.66,1.928,2.715,301,slow,fast,10323.9,0,21.599,544.767,true,96.8
comparison,optimized-binary,1024,ladder,10000,2,67,6,2026-10-05T10:54:32.050Z,0.324,0.474,0.721,301,fast,fast,10000.5,0,4.479,14.647,true,83.5
comparison,group-batch,1024,ladder,10000,3,68,0,2026-10-05T10:55:02.005Z,1.64,1.906,2.113,300,slow,slow,6689.6,0.26018,7806.975,10002.431,false,54.9
comparison,group-commit,1024,ladder,10000,3,68,1,2026-10-05T10:55:41.946Z,1.708,1.98,2.383,301,slow,fast,6910.8,0,7553.023,7970.815,false,77.8
comparison,group-batch-pipeline,1024,ladder,10000,3,68,2,2026-10-05T10:56:19.296Z,0.334,0.52,0.612,300,fast,fast,9859,0,1163.263,1300.479,false,96
comparison,optimized-binary,1024,ladder,10000,3,68,3,2026-10-05T10:56:50.073Z,0.31,0.464,0.654,301,fast,fast,10000.3,0,4.187,21.311,true,88.3
comparison,optimized-http,1024,ladder,10000,3,68,4,2026-10-05T10:57:19.944Z,0.331,0.492,0.603,301,fast,slow,7035.5,0,5677.055,9109.503,false,68.2
comparison,group-batch-pipeline,1024,ladder,10000,4,69,0,2026-10-05T10:57:58.976Z,1.777,2.047,2.429,301,slow,fast,8100.2,0,5328.895,5611.519,false,78.6
comparison,group-batch,1024,ladder,10000,4,69,1,2026-10-05T10:58:33.791Z,0.32,0.537,0.622,301,fast,fast,10000.3,0,8.687,30.639,true,91.7
comparison,optimized-http,1024,ladder,10000,4,69,2,2026-10-05T10:59:03.653Z,0.293,0.499,0.692,301,fast,fast,9994.4,0,21.391,85.311,true,96.7
comparison,group-commit,1024,ladder,10000,4,69,3,2026-10-05T10:59:33.588Z,0.321,0.502,0.575,301,fast,fast,10132.3,0,232.447,318.975,true,97.2
comparison,optimized-binary,1024,ladder,10000,4,69,4,2026-10-05T11:00:03.453Z,0.313,0.433,0.574,300,fast,slow,9988.8,0,4.295,16.215,true,85.3
comparison,optimized-http,64,ladder,12000,0,70,0,2026-10-05T11:00:33.495Z,1.687,1.944,2.321,301,slow,slow,7683.7,0.3750041666666667,8716.287,10002.431,false,64
comparison,optimized-binary,64,ladder,12000,0,70,1,2026-10-05T11:01:13.336Z,1.658,1.85,1.991,301,slow,fast,12365.5,0,331.775,1147.903,false,82.8
comparison,optimized-binary,1024,ladder,12000,0,70,2,2026-10-05T11:01:43.099Z,0.332,0.611,5.267,298,fast,fast,12000.5,0,6.467,26.479,true,102.6
comparison,group-batch,1024,ladder,12000,0,70,3,2026-10-05T11:02:12.876Z,0.324,0.473,0.522,301,fast,fast,10449.5,0,2361.343,3446.783,false,90.8
comparison,optimized-binary,64,ladder,12000,1,71,0,2026-10-05T11:02:46.129Z,0.317,0.532,0.678,301,fast,fast,11999,0,4.119,38.207,true,87.7
comparison,group-batch,1024,ladder,12000,1,71,1,2026-10-05T11:03:15.928Z,0.33,0.578,1.516,301,fast,slow,8058.1,0.18549583333333333,4988.927,10002.431,false,68.2
comparison,optimized-http,64,ladder,12000,1,71,2,2026-10-05T11:03:55.999Z,1.799,2.453,7.867,301,slow,slow,10069,0,5337.087,6246.399,false,82.9
comparison,optimized-binary,1024,ladder,12000,1,71,3,2026-10-05T11:04:32.301Z,1.958,2.281,2.729,301,slow,fast,9881.7,0,3403.775,5152.767,false,68.6
comparison,group-batch,1024,ladder,12000,2,72,0,2026-10-05T11:05:07.050Z,0.322,0.483,0.725,301,fast,fast,11145,0,1646.591,2430.975,false,94.9
comparison,optimized-binary,1024,ladder,12000,2,72,1,2026-10-05T11:05:39.418Z,0.346,0.583,0.737,301,fast,fast,11998,0,6.323,110.079,true,90
comparison,optimized-binary,64,ladder,12000,2,72,2,2026-10-05T11:06:09.403Z,0.328,0.526,0.658,301,fast,slow,11244,0,642.559,1293.311,false,69.1
comparison,optimized-http,64,ladder,12000,2,72,3,2026-10-05T11:06:40.413Z,1.678,2.004,5.399,300,slow,slow,7736.6,0.3617916666666667,8585.215,10002.431,false,61.2
comparison,optimized-binary,1024,ladder,12000,3,73,0,2026-10-05T11:07:20.332Z,1.645,1.862,2.179,301,slow,fast,7050.1,0,8904.703,9650.175,false,97.9
comparison,group-batch,1024,ladder,12000,3,73,1,2026-10-05T11:07:58.081Z,0.305,0.462,0.637,301,fast,fast,10670.8,0,2344.959,3350.527,false,97.5
comparison,group-batch,1024,ladder,12000,4,74,0,2026-10-05T11:08:33.067Z,0.307,0.568,0.841,301,fast,fast,11437.5,0,805.887,1371.135,false,93.3
comparison,optimized-binary,1024,ladder,12000,4,74,1,2026-10-05T11:09:04.375Z,0.289,0.414,0.592,301,fast,fast,12069.8,0,5.371,119.935,true,89.3
comparison,optimized-binary,64,ladder,15000,0,75,0,2026-10-05T11:09:34.577Z,0.309,0.494,0.928,301,fast,slow,11800.4,0,2433.023,5488.639,false,73.8
comparison,group-batch,1024,ladder,15000,0,75,1,2026-10-05T11:10:09.943Z,1.756,2.245,5.403,301,slow,slow,0,1,,,false,
comparison,optimized-http,64,ladder,15000,0,75,2,2026-10-05T11:10:49.710Z,1.642,1.819,2.037,301,slow,fast,0,1,,,false,
comparison,optimized-binary,1024,ladder,15000,0,75,3,2026-10-05T11:11:29.567Z,0.303,0.512,0.59,301,fast,fast,13893.7,0,1400.831,2134.015,false,93.4
comparison,group-batch,1024,ladder,15000,1,76,0,2026-10-05T11:12:02.754Z,0.32,0.594,0.784,301,fast,fast,11609.5,0,4489.215,7434.239,false,96.9
comparison,optimized-binary,1024,ladder,15000,1,76,1,2026-10-05T11:12:40.570Z,0.3,0.48,0.708,301,fast,fast,13754.1,0,1579.007,2301.951,false,93.9
comparison,optimized-binary,64,ladder,15000,1,76,2,2026-10-05T11:13:12.603Z,0.306,0.506,0.688,301,fast,fast,14988.3,0,6.659,30.815,true,95.4
comparison,optimized-http,64,ladder,15000,1,76,3,2026-10-05T11:13:42.469Z,0.298,0.494,0.64,301,fast,slow,12928,0,2537.471,6688.767,false,92.2
comparison,optimized-binary,1024,ladder,15000,2,77,0,2026-10-05T11:14:19.133Z,1.667,1.897,2.005,301,slow,slow,9795,0.30057666666666666,8093.695,10002.431,false,66.3
comparison,optimized-http,64,ladder,15000,2,77,1,2026-10-05T11:14:59.018Z,1.62,1.888,2.403,301,slow,fast,12930.9,0,4247.551,5103.615,false,96.2
comparison,group-batch,1024,ladder,15000,2,77,2,2026-10-05T11:15:34.023Z,0.294,0.452,0.597,301,fast,fast,10284.3,0,7114.751,9658.367,false,93.7
comparison,optimized-binary,64,ladder,15000,2,77,3,2026-10-05T11:16:13.739Z,0.296,0.422,0.742,301,fast,fast,15002.5,0,12.463,205.311,true,97.9
comparison,group-batch,1024,ladder,15000,3,78,0,2026-10-05T11:16:43.569Z,0.335,1.181,5.283,301,fast,fast,10704.1,0,6619.135,9396.223,false,97.7
comparison,optimized-binary,1024,ladder,15000,3,78,1,2026-10-05T11:17:22.972Z,0.347,0.513,0.678,301,fast,fast,13257.4,0,2310.143,3237.887,false,92.1
comparison,optimized-binary,1024,ladder,15000,4,79,0,2026-10-05T11:17:56.125Z,0.322,0.487,0.649,301,fast,slow,10186.7,0.1388,6070.271,10002.431,false,71.6
comparison,group-batch,1024,ladder,15000,4,79,1,2026-10-05T11:18:36.114Z,1.637,1.798,2.039,301,slow,fast,10070,0.39848666666666666,9396.223,10002.431,false,88.3
comparison,optimized-binary,1024,ladder,20000,0,80,0,2026-10-05T11:19:16.281Z,0.309,0.457,0.663,300,fast,fast,13503,0.1404075,7557.119,10002.431,false,95.4
comparison,optimized-binary,64,ladder,20000,0,80,1,2026-10-05T11:19:58.912Z,0.331,0.561,0.652,301,fast,fast,0,1,,,false,
comparison,optimized-binary,64,ladder,20000,1,81,0,2026-10-05T11:20:38.679Z,0.302,0.439,0.551,301,fast,fast,0,1,,,false,
comparison,optimized-binary,1024,ladder,20000,1,81,1,2026-10-05T11:21:19.788Z,0.326,0.473,0.566,301,fast,fast,13320.8,0.185345,7962.623,10002.431,false,94.2
comparison,optimized-binary,1024,ladder,20000,2,82,0,2026-10-05T11:21:59.646Z,0.323,0.488,0.632,301,fast,fast,0,1,,,false,
comparison,optimized-binary,64,ladder,20000,2,82,1,2026-10-05T11:22:39.345Z,0.327,0.471,0.577,301,fast,slow,0,1,,,false,
comparison,optimized-binary,1024,ladder,20000,3,83,0,2026-10-05T11:23:19.166Z,1.866,2.143,2.741,300,slow,slow,0,1,,,false,
comparison,optimized-binary,1024,ladder,20000,4,84,0,2026-10-05T11:24:05.964Z,1.743,1.988,2.125,301,slow,fast,0,1,,,false,
comparison,batch-only,1024,knee-fraction,250,0,85,0,2026-10-05T11:24:51.343Z,0.326,0.564,0.8,301,fast,fast,250,0,5.087,35.583,true,37
comparison,pipeline-only,1024,knee-fraction,100,0,85,1,2026-10-05T11:25:22.738Z,0.333,0.482,0.567,301,fast,slow,99.5,0,18.223,114.239,false,18.6
comparison,group-batch,1024,knee-fraction,3000,0,85,2,2026-10-05T11:25:52.580Z,1.79,2.139,2.353,301,slow,slow,3000.9,0,12.271,20.063,true,43.3
comparison,group-commit,1024,knee-fraction,3000,0,85,3,2026-10-05T11:26:22.423Z,1.652,1.798,1.876,301,slow,fast,3000.1,0,5.151,20.383,true,82
comparison,group-batch-pipeline,1024,knee-fraction,3000,0,85,4,2026-10-05T11:26:52.132Z,0.412,0.526,0.589,301,fast,slow,3000.3,0,17.855,27.311,true,92.1
comparison,baseline,1024,knee-fraction,250,0,85,5,2026-10-05T11:27:21.958Z,1.856,1.984,2.107,301,slow,slow,250.4,0,58.079,82.623,true,20.3
comparison,optimized-http,1024,knee-fraction,3000,0,85,6,2026-10-05T11:27:51.970Z,1.685,1.843,1.933,301,slow,slow,3000.3,0,13.943,22.063,true,54.9
comparison,optimized-binary,16384,knee-fraction,1500,0,85,7,2026-10-05T11:28:21.794Z,1.918,2.911,8.439,297,slow,fast,1500.5,0,8.163,19.503,true,58.8
comparison,optimized-binary,1024,knee-fraction,6000,0,85,8,2026-10-05T11:28:51.864Z,0.335,0.432,0.521,301,fast,slow,6002.6,0,11.103,19.903,true,58.7
comparison,optimized-http,16384,knee-fraction,1500,0,85,9,2026-10-05T11:29:21.793Z,1.799,1.95,2.069,301,slow,fast,1500.8,0,14.255,26.191,true,83.5
comparison,transport-only,1024,knee-fraction,150,0,85,10,2026-10-05T11:29:51.863Z,0.328,0.447,0.59,301,fast,fast,149.9,0,3.717,9.799,true,15.3
comparison,baseline,16384,knee-fraction,150,0,85,11,2026-10-05T11:30:21.585Z,0.337,0.554,0.786,301,fast,fast,149.9,0,4.979,18.735,true,28.1
comparison,baseline,64,knee-fraction,150,0,85,12,2026-10-05T11:30:51.449Z,0.343,1.032,5.371,300,fast,fast,150.1,0,4.211,10.431,true,30.2
comparison,optimized-binary,64,knee-fraction,5000,0,85,13,2026-10-05T11:31:21.341Z,0.369,0.499,0.532,301,fast,slow,4999.4,0,3.231,15.815,true,63
comparison,optimized-http,64,knee-fraction,3000,0,85,14,2026-10-05T11:31:51.196Z,1.787,2.487,3.363,301,slow,slow,3000.1,0,13.639,21.407,true,52.3
comparison,group-batch,1024,knee-fraction,3000,1,86,0,2026-10-05T11:32:21.065Z,1.753,2.019,2.125,301,slow,fast,2999.9,0,3.897,17.455,true,65.1
comparison,batch-only,1024,knee-fraction,250,1,86,1,2026-10-05T11:32:50.902Z,0.315,0.452,0.593,301,fast,fast,250,0,5.851,10.823,true,38.8
comparison,group-batch-pipeline,1024,knee-fraction,3000,1,86,2,2026-10-05T11:33:20.783Z,0.354,0.495,0.562,301,fast,slow,2999.8,0,14.279,22.015,true,58.9
comparison,pipeline-only,1024,knee-fraction,100,1,86,3,2026-10-05T11:33:50.555Z,1.876,3.025,3.631,301,slow,slow,100,0,98.175,239.487,true,20.2
comparison,optimized-http,1024,knee-fraction,3000,1,86,4,2026-10-05T11:34:20.369Z,1.675,1.831,1.943,301,slow,slow,2999.6,0,12.519,20.159,true,86.6
comparison,group-commit,1024,knee-fraction,3000,1,86,5,2026-10-05T11:34:50.419Z,1.817,1.982,2.163,301,slow,slow,2999.9,0,11.639,18.799,true,45.6
comparison,optimized-binary,1024,knee-fraction,6000,1,86,6,2026-10-05T11:35:20.475Z,1.675,2.665,3.231,301,slow,slow,5999.3,0,10.591,18.527,true,55.1
comparison,baseline,1024,knee-fraction,250,1,86,7,2026-10-05T11:35:50.263Z,1.831,2.033,3.041,301,slow,fast,250.5,0,39.807,55.711,true,26
comparison,transport-only,1024,knee-fraction,150,1,86,8,2026-10-05T11:36:20.084Z,0.399,0.562,0.828,301,fast,fast,150,0,3.933,10.359,true,23
comparison,optimized-binary,16384,knee-fraction,1500,1,86,9,2026-10-05T11:36:49.770Z,0.374,0.585,0.721,301,fast,slow,1500,0,9.519,20.735,true,50.5
comparison,baseline,64,knee-fraction,150,1,86,10,2026-10-05T11:37:19.789Z,1.815,5.195,8.487,301,slow,slow,150,0,21.407,34.271,true,20.3
comparison,optimized-http,16384,knee-fraction,1500,1,86,11,2026-10-05T11:37:49.694Z,1.661,1.907,2.073,300,slow,fast,1500.7,0,12.079,26.031,true,84.5
comparison,optimized-http,64,knee-fraction,3000,1,86,12,2026-10-05T11:38:19.893Z,0.337,0.44,0.559,301,fast,slow,3001.2,0,14.279,36.031,true,60.8
comparison,baseline,16384,knee-fraction,150,1,86,13,2026-10-05T11:38:49.665Z,1.855,2.127,2.339,301,slow,fast,150.1,0,21.455,35.519,true,23.5
comparison,optimized-binary,64,knee-fraction,5000,1,86,14,2026-10-05T11:39:19.424Z,0.338,0.519,1.016,300,fast,slow,4998.5,0,4.247,16.239,true,60.4
comparison,group-batch-pipeline,1024,knee-fraction,3000,2,87,0,2026-10-05T11:39:49.228Z,1.741,1.979,2.131,301,slow,fast,2999.8,0,14.071,23.423,true,75.8
comparison,group-batch,1024,knee-fraction,3000,2,87,1,2026-10-05T11:40:19.130Z,0.326,0.467,0.651,301,fast,slow,2997.8,0,3.395,14.655,true,72.7
comparison,optimized-http,1024,knee-fraction,3000,2,87,2,2026-10-05T11:40:48.897Z,1.904,2.249,2.467,301,slow,slow,2999.9,0,13.551,21.871,true,53.1
comparison,batch-only,1024,knee-fraction,250,2,87,3,2026-10-05T11:41:18.885Z,1.664,1.958,2.135,300,slow,slow,249.9,0,40.607,63.455,true,16.4
comparison,optimized-binary,1024,knee-fraction,6000,2,87,4,2026-10-05T11:41:48.739Z,1.838,2.069,3.117,301,slow,fast,6001.7,0,9.151,17.135,true,61.3
comparison,pipeline-only,1024,knee-fraction,100,2,87,5,2026-10-05T11:42:18.644Z,0.321,5.355,8.735,299,fast,slow,100,0,10.951,28.111,true,20.7
comparison,transport-only,1024,knee-fraction,150,2,87,6,2026-10-05T11:48:21.684Z,1.674,2.018,2.775,301,slow,fast,150.1,0,3.877,10.023,true,19.5
comparison,group-commit,1024,knee-fraction,3000,2,87,7,2026-10-05T11:48:51.543Z,0.357,0.542,0.656,301,fast,fast,3000,0,4.619,9.263,true,79
comparison,baseline,64,knee-fraction,150,2,87,8,2026-10-05T11:49:21.417Z,0.458,5.199,5.915,301,fast,slow,150.1,0,27.647,47.871,true,22.9
comparison,baseline,1024,knee-fraction,250,2,87,9,2026-10-05T11:49:51.305Z,1.852,2.335,2.681,301,slow,fast,250.7,0,8.575,68.607,true,38.2
comparison,optimized-http,64,knee-fraction,3000,2,87,10,2026-10-05T11:50:21.143Z,0.376,0.482,0.591,301,fast,slow,2998.8,0,15.327,27.519,true,88.3
comparison,optimized-binary,16384,knee-fraction,1500,2,87,11,2026-10-05T11:50:51.146Z,1.835,2.063,2.231,301,slow,slow,1500,0,11.207,23.903,true,55.6
comparison,optimized-binary,64,knee-fraction,5000,2,87,12,2026-10-05T11:51:21.251Z,1.867,2.085,2.349,301,slow,fast,5002,0,7.507,16.895,true,61
comparison,optimized-http,16384,knee-fraction,1500,2,87,13,2026-10-05T11:51:51.198Z,0.386,0.522,0.6,301,fast,slow,1500.2,0,19.151,31.167,true,73.8
comparison,baseline,16384,knee-fraction,150,2,87,14,2026-10-05T11:52:21.220Z,1.772,2.018,2.855,300,slow,slow,150,0,24.319,39.871,true,21.6
comparison,batch-only,1024,knee-fraction,250,3,88,0,2026-10-05T11:52:51.118Z,1.654,1.857,2.129,301,slow,fast,250.4,0,10.143,56.991,true,34.1
comparison,pipeline-only,1024,knee-fraction,100,3,88,1,2026-10-05T11:53:20.874Z,0.383,0.631,1.014,301,fast,fast,100,0,4.247,6.627,true,22.1
comparison,group-batch,1024,knee-fraction,3000,3,88,2,2026-10-05T11:53:50.691Z,0.343,0.479,0.577,301,fast,slow,2998.8,0,4.035,15.815,true,73.4
comparison,group-commit,1024,knee-fraction,3000,3,88,3,2026-10-05T11:54:20.519Z,1.854,2.169,2.483,301,slow,slow,3000,0,11.855,19.423,true,47.9
comparison,group-batch-pipeline,1024,knee-fraction,3000,3,88,4,2026-10-05T11:54:50.354Z,1.781,2.273,3.029,301,slow,fast,2999.8,0,14.391,30.767,true,74.2
comparison,baseline,1024,knee-fraction,250,3,88,5,2026-10-05T11:55:20.246Z,0.431,0.545,0.653,301,fast,fast,250,0,5.783,11.111,true,42.5
comparison,optimized-http,1024,knee-fraction,3000,3,88,6,2026-10-05T11:55:50.068Z,0.352,0.478,0.585,301,fast,slow,2999.9,0,14.127,23.439,true,52.9
comparison,transport-only,1024,knee-fraction,150,3,88,7,2026-10-05T11:56:19.905Z,1.902,3.319,8.767,301,slow,slow,150,0,30.367,45.887,true,17.7
comparison,optimized-binary,1024,knee-fraction,6000,3,88,8,2026-10-05T11:56:49.661Z,1.721,1.967,2.705,301,slow,fast,6004.3,0,10.575,27.007,true,64.7
comparison,group-batch,1024,knee-fraction,3000,4,89,0,2026-10-05T11:57:19.606Z,0.417,0.609,1.025,301,fast,fast,3000.2,0,3.739,8.103,true,75.9
comparison,batch-only,1024,knee-fraction,250,4,89,1,2026-10-05T11:57:49.508Z,0.373,0.472,0.628,300,fast,slow,250.1,0,54.655,74.367,true,18.5
comparison,group-batch-pipeline,1024,knee-fraction,3000,4,89,2,2026-10-05T11:58:19.308Z,1.823,2.041,2.211,301,slow,slow,2999.7,0,15.199,26.095,true,68.3
comparison,pipeline-only,1024,knee-fraction,100,4,89,3,2026-10-05T11:58:49.102Z,1.813,2.003,2.173,301,slow,slow,100,0,17.295,50.303,true,20.3
comparison,optimized-http,1024,knee-fraction,3000,4,89,4,2026-10-05T11:59:18.934Z,1.685,1.931,3.113,301,slow,fast,2999.6,0,13.559,22.271,true,83.2
comparison,group-commit,1024,knee-fraction,3000,4,89,5,2026-10-05T11:59:48.978Z,0.386,0.513,0.752,301,fast,slow,2998.4,0,12.287,21.119,true,59.8
comparison,optimized-binary,1024,knee-fraction,6000,4,89,6,2026-10-05T12:00:19.072Z,1.674,1.831,1.878,300,slow,slow,5997.6,0,3.209,10.095,true,78.2
comparison,baseline,1024,knee-fraction,250,4,89,7,2026-10-05T12:00:49.185Z,1.707,2.135,2.307,301,slow,slow,250,0,61.503,85.887,true,21.8
comparison,transport-only,1024,knee-fraction,150,4,89,8,2026-10-05T12:01:18.994Z,1.719,1.926,2.855,301,slow,slow,149.9,0,4.647,36.831,false,18.5
comparison,baseline,1024,knee-fraction,400,0,90,0,2026-10-05T12:01:49.151Z,1.704,1.889,1.967,301,slow,fast,401.2,0,8.327,120.959,true,35.6
comparison,group-commit,1024,knee-fraction,4800,0,90,1,2026-10-05T12:02:18.896Z,0.379,0.529,0.69,301,fast,fast,4800,0,5.215,12.263,true,86.2
comparison,optimized-binary,16384,knee-fraction,2400,0,90,2,2026-10-05T12:02:48.870Z,0.365,1.252,5.751,301,fast,slow,2400.4,0,14.535,31.503,true,64.2
comparison,pipeline-only,1024,knee-fraction,160,0,90,3,2026-10-05T12:03:18.861Z,1.812,2.145,3.227,301,slow,fast,162.8,0,347.647,405.759,true,18.6
comparison,optimized-http,16384,knee-fraction,2400,0,90,4,2026-10-05T12:03:48.741Z,0.369,0.498,0.734,301,fast,fast,2399.9,0,20.159,57.951,true,103.8
comparison,batch-only,1024,knee-fraction,400,0,90,5,2026-10-05T12:04:18.799Z,1.651,1.824,2.073,301,slow,fast,399.6,0,70.911,136.319,true,16.3
comparison,baseline,16384,knee-fraction,240,0,90,6,2026-10-05T12:04:48.646Z,0.353,0.542,0.681,301,fast,slow,239.6,0,44.607,63.455,false,31.4
comparison,group-batch,1024,knee-fraction,4800,0,90,7,2026-10-05T12:05:18.462Z,1.657,2.033,2.535,301,slow,slow,4799.9,0,13.599,21.119,true,50.2
comparison,optimized-binary,64,knee-fraction,8000,0,90,8,2026-10-05T12:05:48.225Z,1.656,1.811,2,301,slow,slow,7999.1,0,2.979,19.343,true,77
comparison,group-batch-pipeline,1024,knee-fraction,4800,0,90,9,2026-10-05T12:06:18.044Z,1.678,1.875,2.036,301,slow,fast,4802.2,0,18.735,26.879,true,79.5
comparison,optimized-http,64,knee-fraction,4800,0,90,10,2026-10-05T12:06:48.137Z,0.348,0.674,1.6,301,fast,slow,4800.1,0,15.279,23.775,true,64.3
comparison,optimized-http,1024,knee-fraction,4800,0,90,11,2026-10-05T12:07:17.935Z,1.682,1.84,1.969,301,slow,slow,4799.4,0,16.735,25.999,true,66.7
comparison,baseline,64,knee-fraction,240,0,90,12,2026-10-05T12:07:47.827Z,1.652,1.814,1.907,301,slow,fast,240.4,0,10.559,47.807,true,23.5
comparison,optimized-binary,1024,knee-fraction,9600,0,90,13,2026-10-05T12:08:17.653Z,0.365,0.524,0.674,301,fast,fast,9601.5,0,4.639,14.191,true,89.6
comparison,transport-only,1024,knee-fraction,240,0,90,14,2026-10-05T12:08:47.475Z,0.329,0.472,0.567,301,fast,slow,239.7,0,52.287,73.407,true,15.7
comparison,group-commit,1024,knee-fraction,4800,1,91,0,2026-10-05T12:09:17.367Z,1.659,1.83,2.149,301,slow,slow,4630.9,0,17.391,1153.023,false,63
comparison,pipeline-only,1024,knee-fraction,160,1,91,1,2026-10-05T12:09:47.683Z,1.676,1.901,3.113,301,slow,slow,160.2,0,371.711,418.303,true,15.1
comparison,baseline,1024,knee-fraction,400,1,91,2,2026-10-05T12:10:17.703Z,1.674,1.847,2.085,301,slow,fast,401.4,0,7.107,117.695,true,50.7
comparison,batch-only,1024,knee-fraction,400,1,91,3,2026-10-05T12:10:47.592Z,0.345,0.508,0.661,300,fast,slow,398.1,0,7.143,101.759,false,50
comparison,optimized-binary,16384,knee-fraction,2400,1,91,4,2026-10-05T12:11:17.510Z,1.688,1.914,2.093,301,slow,slow,2399.4,0,13.015,25.727,true,62.2
comparison,group-batch,1024,knee-fraction,4800,1,91,5,2026-10-05T12:11:47.753Z,1.674,1.865,2.321,301,slow,fast,4800.6,0,11.831,20.575,true,62.1
comparison,optimized-http,16384,knee-fraction,2400,1,91,6,2026-10-05T12:12:17.688Z,0.37,0.483,0.606,301,fast,slow,2397.9,0,19.791,39.839,true,101
comparison,group-batch-pipeline,1024,knee-fraction,4800,1,91,7,2026-10-05T12:12:47.848Z,1.923,2.159,2.287,301,slow,fast,4801.6,0,18.719,27.599,true,77.8
comparison,baseline,16384,knee-fraction,240,1,91,8,2026-10-05T12:13:17.774Z,0.357,0.556,0.725,301,fast,fast,239.9,0,5.883,11.183,true,50.1
comparison,optimized-http,1024,knee-fraction,4800,1,91,9,2026-10-05T12:13:47.600Z,0.338,0.448,0.596,301,fast,slow,4798.9,0,16.623,24.671,true,66.2
comparison,optimized-binary,64,knee-fraction,8000,1,91,10,2026-10-05T12:14:17.534Z,1.674,1.868,2.049,301,slow,intermediate,7916.4,0,11.223,223.487,true,68.7
comparison,optimized-binary,1024,knee-fraction,9600,1,91,11,2026-10-05T12:14:47.928Z,0.634,0.769,0.819,301,intermediate,slow,9558.9,0,4.807,85.119,false,84.7
comparison,optimized-http,64,knee-fraction,4800,1,91,12,2026-10-05T12:15:18.158Z,1.778,1.894,2.071,301,slow,slow,4797.9,0,18.927,36.351,true,69.2
comparison,transport-only,1024,knee-fraction,240,1,91,13,2026-10-05T12:15:47.987Z,1.671,1.85,2.057,301,slow,slow,239.9,0,41.183,61.695,true,17.3
comparison,baseline,64,knee-fraction,240,1,91,14,2026-10-05T12:16:17.835Z,1.652,1.806,4.615,301,slow,fast,240.1,0,6.519,38.399,true,45.2
comparison,pipeline-only,1024,knee-fraction,160,2,92,0,2026-10-05T12:16:47.728Z,0.33,0.463,0.554,301,fast,fast,160,0,4.123,5.859,true,19.1
comparison,batch-only,1024,knee-fraction,400,2,92,1,2026-10-05T12:17:17.428Z,0.358,0.493,0.651,301,fast,slow,398.4,0,64.383,94.079,true,17.7
comparison,group-commit,1024,knee-fraction,4800,2,92,2,2026-10-05T12:17:47.450Z,1.704,1.97,2.283,301,slow,slow,4798.8,0,14.391,23.919,true,60
comparison,group-batch,1024,knee-fraction,4800,2,92,3,2026-10-05T12:18:17.394Z,1.639,1.783,1.879,301,slow,fast,4800.3,0,4.635,10.407,true,83.7
comparison,baseline,1024,knee-fraction,400,2,92,4,2026-10-05T12:18:47.131Z,0.389,5.163,5.363,298,fast,slow,399.5,0,93.759,154.751,true,19.9
comparison,group-batch-pipeline,1024,knee-fraction,4800,2,92,5,2026-10-05T12:19:17.074Z,1.782,2.077,2.207,301,slow,fast,4799.4,0,17.823,26.879,true,77.1
comparison,optimized-binary,16384,knee-fraction,2400,2,92,6,2026-10-05T12:19:46.999Z,0.33,0.442,0.579,301,fast,slow,2398.4,0,7.191,27.055,true,68.6
comparison,optimized-http,1024,knee-fraction,4800,2,92,7,2026-10-05T12:20:17.160Z,1.817,6.463,9.455,301,slow,fast,4799.9,0,16.335,24.191,true,76.3
comparison,optimized-http,16384,knee-fraction,2400,2,92,8,2026-10-05T12:20:47.231Z,0.341,0.589,1.899,301,fast,slow,2399.8,0,28.575,65.503,true,95.2
comparison,optimized-binary,1024,knee-fraction,9600,2,92,9,2026-10-05T12:21:17.283Z,1.897,2.319,2.585,301,slow,slow,9189,0,1190.911,1530.879,false,71.9
comparison,baseline,16384,knee-fraction,240,2,92,10,2026-10-05T12:21:48.605Z,1.634,1.801,2.357,301,slow,fast,240,0,6.671,13.567,true,37.6
comparison,transport-only,1024,knee-fraction,240,2,92,11,2026-10-05T12:22:18.392Z,0.314,0.419,0.451,301,fast,slow,239.5,0,38.303,107.711,false,20.3
comparison,optimized-binary,64,knee-fraction,8000,2,92,12,2026-10-05T12:22:48.249Z,1.703,1.935,2.621,301,slow,slow,7997.4,0,13.047,63.423,true,62.6
comparison,baseline,64,knee-fraction,240,2,92,13,2026-10-05T12:23:18.128Z,1.771,2.273,3.781,301,slow,slow,240.3,0,53.183,72.831,true,20.8
comparison,optimized-http,64,knee-fraction,4800,2,92,14,2026-10-05T12:23:48.208Z,1.691,1.858,2.331,301,slow,fast,4801.6,0,18.783,55.551,true,95.6
comparison,batch-only,1024,knee-fraction,400,3,93,0,2026-10-05T12:24:18.103Z,0.389,0.519,0.75,301,fast,fast,399.9,0,8.415,15.407,true,59.5
comparison,group-batch,1024,knee-fraction,4800,3,93,1,2026-10-05T12:24:47.966Z,0.363,0.471,0.63,301,fast,slow,4800.6,0,14.335,22.255,true,55.6
comparison,pipeline-only,1024,knee-fraction,160,3,93,2,2026-10-05T12:25:17.858Z,1.742,2.04,2.313,301,slow,fast,162.3,0,236.543,274.431,true,19.9
comparison,group-batch-pipeline,1024,knee-fraction,4800,3,93,3,2026-10-05T12:25:47.717Z,0.356,0.488,0.617,301,fast,slow,4797.6,0,20.399,42.207,true,98.4
comparison,group-commit,1024,knee-fraction,4800,3,93,4,2026-10-05T12:26:17.716Z,1.8,5.163,8.487,301,slow,slow,4807.6,0,17.087,36.031,true,64.3
comparison,optimized-http,1024,knee-fraction,4800,3,93,5,2026-10-05T12:26:47.668Z,1.731,1.966,2.095,301,slow,fast,4799.9,0,18.159,25.103,true,99.1
comparison,baseline,1024,knee-fraction,400,3,93,6,2026-10-05T12:27:17.498Z,0.355,0.447,0.562,301,fast,slow,398.1,0,144.383,303.103,true,19.3
comparison,optimized-binary,1024,knee-fraction,9600,3,93,7,2026-10-05T12:27:47.512Z,1.708,1.915,2.093,301,slow,slow,8639.1,0,2053.119,3045.375,false,71.1
comparison,transport-only,1024,knee-fraction,240,3,93,8,2026-10-05T12:28:20.527Z,1.748,1.874,1.976,301,slow,slow,239.7,0,40.415,62.495,false,26.9
comparison,group-batch,1024,knee-fraction,4800,4,94,0,2026-10-05T12:28:50.512Z,1.772,1.902,2.017,301,slow,slow,4799.3,0,15.447,36.799,true,59.6
comparison,group-batch-pipeline,1024,knee-fraction,4800,4,94,1,2026-10-05T12:29:20.511Z,1.804,2.451,5.739,301,slow,fast,4799.3,0,22.031,45.951,true,98
comparison,batch-only,1024,knee-fraction,400,4,94,2,2026-10-05T12:29:50.391Z,0.476,0.905,1.704,301,fast,slow,398.3,0,10.551,131.455,false,39.4
comparison,optimized-http,1024,knee-fraction,4800,4,94,3,2026-10-05T12:30:20.480Z,1.762,1.955,2.187,301,slow,slow,4801,0,22.127,80.127,true,73.8
comparison,pipeline-only,1024,knee-fraction,160,4,94,4,2026-10-05T12:30:50.558Z,1.77,2.479,6.107,301,slow,slow,160.9,0,270.079,447.487,true,22.1
comparison,optimized-binary,1024,knee-fraction,9600,4,94,5,2026-10-05T12:31:20.596Z,1.797,2.185,2.913,301,slow,slow,9030.4,0,1018.367,1715.199,false,73.8
comparison,group-commit,1024,knee-fraction,4800,4,94,6,2026-10-05T12:31:52.302Z,1.745,1.985,2.213,301,slow,fast,4803.3,0,7.719,23.007,true,84.4
comparison,transport-only,1024,knee-fraction,240,4,94,7,2026-10-05T12:32:22.208Z,0.345,0.491,0.623,301,fast,slow,239.5,0,4.411,46.527,true,34.2
comparison,baseline,1024,knee-fraction,400,4,94,8,2026-10-05T12:32:52.177Z,1.829,2.03,2.195,301,slow,slow,396.9,0,186.623,284.671,true,18.5
