rung 100/s: baseline@1024B, group-commit@1024B, pipeline-only@1024B, batch-only@1024B, group-batch@1024B, group-batch-pipeline@1024B, optimized-http@1024B, optimized-binary@1024B, transport-only@1024B, baseline@64B, optimized-http@64B, optimized-binary@64B, baseline@16384B, optimized-http@16384B, optimized-binary@16384B
  r0.0 baseline 1024B disabled rep 1 disk=fast(0.309ms) baseline rate=100/s payload=1024B | achieved=100/s (100.0%) | err=0.00% | p50=4.683ms p99=15.663ms p99.9=17.295ms max=23.692ms | leaderCPU=25.8% ELU=0.31 fsync/s=100 meta/s=89.2 AE/s=177.3 | genLagP99=0.053ms | STABLE
  r0.1 group-commit 1024B disabled rep 1 disk=fast(0.324ms) group-commit rate=100/s payload=1024B | achieved=100/s (100.0%) | err=0.00% | p50=2.725ms p99=13.951ms p99.9=15.079ms max=15.225ms | leaderCPU=21.2% ELU=0.26 fsync/s=100 meta/s=9.3 AE/s=192.4 | genLagP99=0.078ms | STABLE
  r0.2 optimized-binary 16384B disabled rep 1 disk=fast(0.312ms) optimized-binary rate=100/s payload=16384B | achieved=100/s (100.0%) | err=0.00% | p50=2.335ms p99=4.739ms p99.9=5.683ms max=6.19ms | leaderCPU=20.2% ELU=0.206 fsync/s=100 meta/s=9.3 AE/s=199.9 | genLagP99=0.085ms | STABLE
  r0.3 pipeline-only 1024B disabled rep 1 disk=fast(0.347ms) pipeline-only rate=100/s payload=1024B | achieved=100/s (100.0%) | err=0.00% | p50=4.551ms p99=7.919ms p99.9=13.903ms max=16.375ms | leaderCPU=24.1% ELU=0.326 fsync/s=100 meta/s=100 AE/s=199.9 | genLagP99=0.051ms | STABLE
  r0.4 optimized-http 16384B disabled rep 1 disk=fast(0.311ms) optimized-http rate=100/s payload=16384B | achieved=100/s (100.0%) | err=0.00% | p50=2.651ms p99=6.291ms p99.9=8.783ms max=10.242ms | leaderCPU=26.3% ELU=0.269 fsync/s=99.9 meta/s=9.3 AE/s=199.8 | genLagP99=0.071ms | STABLE
  r0.5 batch-only 1024B disabled rep 1 disk=fast(0.309ms) batch-only rate=100/s payload=1024B | achieved=100/s (100.0%) | err=0.00% | p50=4.347ms p99=14.559ms p99.9=16.479ms max=16.658ms | leaderCPU=24.9% ELU=0.291 fsync/s=100 meta/s=90.4 AE/s=179.8 | genLagP99=0.073ms | STABLE
  r0.6 baseline 16384B disabled rep 1 disk=fast(0.347ms) baseline rate=100/s payload=16384B | achieved=100/s (100.0%) | err=0.00% | p50=4.219ms p99=14.087ms p99.9=15.655ms max=16.656ms | leaderCPU=24.2% ELU=0.273 fsync/s=100 meta/s=89.5 AE/s=178.5 | genLagP99=0.047ms | STABLE
  r0.7 group-batch 1024B disabled rep 1 disk=fast(0.393ms) group-batch rate=100/s payload=1024B | achieved=100/s (100.0%) | err=0.00% | p50=1.942ms p99=12.191ms p99.9=13.159ms max=13.369ms | leaderCPU=16.6% ELU=0.183 fsync/s=100 meta/s=9.2 AE/s=190.8 | genLagP99=0.045ms | STABLE
  r0.8 optimized-binary 64B disabled rep 1 disk=fast(0.377ms) optimized-binary rate=100/s payload=64B | achieved=100/s (100.0%) | err=0.00% | p50=1.532ms p99=2.789ms p99.9=4.547ms max=19.587ms | leaderCPU=7% ELU=0.128 fsync/s=100 meta/s=9.3 AE/s=199.9 | genLagP99=0.056ms | STABLE
  r0.9 group-batch-pipeline 1024B disabled rep 1 disk=fast(0.376ms) group-batch-pipeline rate=100/s payload=1024B | achieved=100/s (100.0%) | err=0.00% | p50=2.091ms p99=3.863ms p99.9=7.939ms max=9.286ms | leaderCPU=18.4% ELU=0.198 fsync/s=100 meta/s=9.3 AE/s=199.9 | genLagP99=0.032ms | STABLE
  r0.10 optimized-http 64B disabled rep 1 disk=fast(0.364ms) optimized-http rate=100/s payload=64B | achieved=100/s (100.0%) | err=0.00% | p50=1.917ms p99=3.179ms p99.9=6.195ms max=11.879ms | leaderCPU=15.2% ELU=0.181 fsync/s=100 meta/s=9.3 AE/s=200 | genLagP99=0.026ms | STABLE
  r0.11 optimized-http 1024B disabled rep 1 disk=fast(0.362ms) optimized-http rate=100/s payload=1024B | achieved=100/s (100.0%) | err=0.00% | p50=1.994ms p99=3.465ms p99.9=4.567ms max=6.966ms | leaderCPU=12.6% ELU=0.183 fsync/s=100 meta/s=9.3 AE/s=200 | genLagP99=0.024ms | STABLE
  r0.12 baseline 64B disabled rep 1 disk=fast(0.322ms) baseline rate=100/s payload=64B | achieved=100/s (100.0%) | err=0.00% | p50=4.299ms p99=13.927ms p99.9=17.727ms max=17.783ms | leaderCPU=23.8% ELU=0.284 fsync/s=100 meta/s=89 AE/s=176.8 | genLagP99=0.045ms | STABLE
  r0.13 optimized-binary 1024B disabled rep 1 disk=fast(0.326ms) optimized-binary rate=100/s payload=1024B | achieved=100/s (100.0%) | err=0.00% | p50=1.618ms p99=2.923ms p99.9=3.869ms max=6.609ms | leaderCPU=8.1% ELU=0.135 fsync/s=100 meta/s=9.3 AE/s=199.9 | genLagP99=0.028ms | STABLE
  r0.14 transport-only 1024B disabled rep 1 disk=fast(0.339ms) transport-only rate=100/s payload=1024B | achieved=100/s (100.0%) | err=0.00% | p50=3.361ms p99=13.151ms p99.9=14.543ms max=15.661ms | leaderCPU=10.9% ELU=0.228 fsync/s=100 meta/s=93.8 AE/s=187.3 | genLagP99=0.023ms | STABLE
  r1.0 group-commit 1024B disabled rep 2 disk=fast(0.32ms) group-commit rate=100/s payload=1024B | achieved=100/s (100.0%) | err=0.00% | p50=2.026ms p99=12.247ms p99.9=12.983ms max=12.996ms | leaderCPU=15.8% ELU=0.187 fsync/s=100 meta/s=9.3 AE/s=191.4 | genLagP99=0.02ms | STABLE
  r1.1 pipeline-only 1024B disabled rep 2 disk=fast(0.339ms) pipeline-only rate=100/s payload=1024B | achieved=100/s (100.0%) | err=0.00% | p50=3.877ms p99=6.183ms p99.9=8.015ms max=11.581ms | leaderCPU=23.8% ELU=0.284 fsync/s=100 meta/s=100 AE/s=199.9 | genLagP99=0.049ms | STABLE
  r1.2 baseline 1024B disabled rep 2 disk=fast(0.355ms) baseline rate=100/s payload=1024B | achieved=99.9/s (99.9%) | err=0.00% | p50=4.187ms p99=13.703ms p99.9=21.151ms max=31.077ms | leaderCPU=13.6% ELU=0.257 fsync/s=100 meta/s=87.4 AE/s=173.9 | genLagP99=0.066ms | STABLE
  r1.3 batch-only 1024B disabled rep 2 disk=fast(0.354ms) batch-only rate=100/s payload=1024B | achieved=100/s (100.0%) | err=0.00% | p50=4.123ms p99=13.735ms p99.9=14.343ms max=14.942ms | leaderCPU=22.1% ELU=0.262 fsync/s=100 meta/s=89.2 AE/s=177.3 | genLagP99=0.056ms | STABLE
  r1.4 optimized-binary 16384B disabled rep 2 disk=fast(0.344ms) optimized-binary rate=100/s payload=16384B | achieved=100/s (100.0%) | err=0.00% | p50=1.751ms p99=3.255ms p99.9=4.623ms max=5.38ms | leaderCPU=15.4% ELU=0.151 fsync/s=100 meta/s=9.3 AE/s=199.9 | genLagP99=0.044ms | STABLE
  r1.5 group-batch 1024B disabled rep 2 disk=fast(0.343ms) group-batch rate=100/s payload=1024B | achieved=100/s (100.0%) | err=0.00% | p50=2.201ms p99=12.511ms p99.9=13.559ms max=14.111ms | leaderCPU=18.1% ELU=0.21 fsync/s=100 meta/s=9.2 AE/s=190.1 | genLagP99=0.041ms | STABLE
  r1.6 optimized-http 16384B disabled rep 2 disk=fast(0.353ms) optimized-http rate=100/s payload=16384B | achieved=100/s (100.0%) | err=0.00% | p50=2.053ms p99=3.283ms p99.9=3.879ms max=4.438ms | leaderCPU=18.8% ELU=0.196 fsync/s=99.9 meta/s=9.4 AE/s=199.8 | genLagP99=0.036ms | STABLE
  r1.7 group-batch-pipeline 1024B disabled rep 2 disk=fast(0.346ms) group-batch-pipeline rate=100/s payload=1024B | achieved=100/s (100.0%) | err=0.00% | p50=1.939ms p99=3.237ms p99.9=3.969ms max=5.622ms | leaderCPU=16% ELU=0.184 fsync/s=100 meta/s=9.3 AE/s=199.9 | genLagP99=0.026ms | STABLE
  r1.8 baseline 16384B disabled rep 2 disk=fast(0.326ms) baseline rate=100/s payload=16384B | achieved=100/s (100.0%) | err=0.00% | p50=4.259ms p99=14.127ms p99.9=15.151ms max=15.271ms | leaderCPU=23.2% ELU=0.29 fsync/s=100 meta/s=92.3 AE/s=184 | genLagP99=0.016ms | STABLE
  r1.9 optimized-http 1024B disabled rep 2 disk=fast(0.334ms) optimized-http rate=100/s payload=1024B | achieved=100/s (100.0%) | err=0.00% | p50=1.949ms p99=3.323ms p99.9=5.203ms max=5.96ms | leaderCPU=14% ELU=0.182 fsync/s=100 meta/s=9.3 AE/s=199.9 | genLagP99=0.049ms | STABLE
  r1.10 optimized-binary 64B disabled rep 2 disk=fast(0.324ms) optimized-binary rate=100/s payload=64B | achieved=100/s (100.0%) | err=0.00% | p50=1.546ms p99=2.927ms p99.9=5.227ms max=8.376ms | leaderCPU=7.3% ELU=0.128 fsync/s=100 meta/s=9.3 AE/s=199.9 | genLagP99=0.034ms | STABLE
  r1.11 optimized-binary 1024B disabled rep 2 disk=fast(0.31ms) optimized-binary rate=100/s payload=1024B | achieved=100/s (100.0%) | err=0.00% | p50=1.607ms p99=2.951ms p99.9=4.049ms max=4.505ms | leaderCPU=12.4% ELU=0.133 fsync/s=100 meta/s=9.3 AE/s=199.9 | genLagP99=0.045ms | STABLE
  r1.12 optimized-http 64B disabled rep 2 disk=fast(0.324ms) optimized-http rate=100/s payload=64B | achieved=100/s (100.0%) | err=0.00% | p50=1.957ms p99=3.371ms p99.9=5.651ms max=8.779ms | leaderCPU=16.6% ELU=0.182 fsync/s=100 meta/s=9.4 AE/s=199.9 | genLagP99=0.034ms | STABLE
  r1.13 transport-only 1024B disabled rep 2 disk=fast(0.343ms) transport-only rate=100/s payload=1024B | achieved=100/s (100.0%) | err=0.00% | p50=3.807ms p99=13.239ms p99.9=14.247ms max=14.582ms | leaderCPU=20% ELU=0.224 fsync/s=100 meta/s=91.3 AE/s=182.1 | genLagP99=0.017ms | STABLE
  r1.14 baseline 64B disabled rep 2 disk=fast(0.327ms) baseline rate=100/s payload=64B | achieved=100/s (100.0%) | err=0.00% | p50=3.941ms p99=13.711ms p99.9=14.911ms max=14.936ms | leaderCPU=22% ELU=0.267 fsync/s=100 meta/s=91.5 AE/s=182.1 | genLagP99=0.037ms | STABLE
  r2.0 pipeline-only 1024B disabled rep 3 disk=fast(0.346ms) pipeline-only rate=100/s payload=1024B | achieved=100/s (100.0%) | err=0.00% | p50=5.027ms p99=47.423ms p99.9=52.543ms max=52.757ms | leaderCPU=16.5% ELU=0.542 fsync/s=99.9 meta/s=99.8 AE/s=200.3 | genLagP99=0.024ms | STABLE
  r2.1 batch-only 1024B disabled rep 3 disk=slow(1.671ms) batch-only rate=100/s payload=1024B | achieved=100/s (100.0%) | err=0.00% | p50=18.655ms p99=30.031ms p99.9=38.335ms max=38.858ms | leaderCPU=18.2% ELU=0.619 fsync/s=100 meta/s=75.2 AE/s=128.4 | genLagP99=0.047ms | STABLE
  r2.2 group-commit 1024B disabled rep 3 disk=slow(1.667ms) group-commit rate=100/s payload=1024B | achieved=100/s (100.0%) | err=0.00% | p50=4.503ms p99=14.775ms p99.9=17.839ms max=18.297ms | leaderCPU=14.5% ELU=0.295 fsync/s=100 meta/s=9.2 AE/s=193.8 | genLagP99=0.027ms | STABLE
  r2.3 group-batch 1024B disabled rep 3 disk=fast(0.368ms) group-batch rate=100/s payload=1024B | achieved=100/s (100.0%) | err=0.00% | p50=1.987ms p99=12.183ms p99.9=13.303ms max=13.511ms | leaderCPU=16.2% ELU=0.184 fsync/s=100 meta/s=9.3 AE/s=190.2 | genLagP99=0.038ms | STABLE
  r2.4 baseline 1024B disabled rep 3 disk=fast(0.331ms) baseline rate=100/s payload=1024B | achieved=100/s (100.0%) | err=0.00% | p50=4.151ms p99=13.599ms p99.9=15.871ms max=17.376ms | leaderCPU=16.7% ELU=0.264 fsync/s=100 meta/s=91.5 AE/s=181.4 | genLagP99=0.045ms | STABLE
  r2.5 group-batch-pipeline 1024B disabled rep 3 disk=fast(0.366ms) group-batch-pipeline rate=100/s payload=1024B | achieved=100/s (100.0%) | err=0.00% | p50=1.94ms p99=3.285ms p99.9=5.715ms max=8.811ms | leaderCPU=13.1% ELU=0.185 fsync/s=100 meta/s=9.3 AE/s=199.9 | genLagP99=0.022ms | STABLE
  r2.6 optimized-binary 16384B disabled rep 3 disk=fast(0.333ms) optimized-binary rate=100/s payload=16384B | achieved=100/s (100.0%) | err=0.00% | p50=1.74ms p99=2.833ms p99.9=3.417ms max=3.769ms | leaderCPU=10.5% ELU=0.144 fsync/s=100 meta/s=9.3 AE/s=200 | genLagP99=0.04ms | STABLE
  r2.7 optimized-http 1024B disabled rep 3 disk=fast(0.365ms) optimized-http rate=100/s payload=1024B | achieved=100/s (100.0%) | err=0.00% | p50=2.029ms p99=3.361ms p99.9=4.715ms max=5.907ms | leaderCPU=15.2% ELU=0.188 fsync/s=99.9 meta/s=9.3 AE/s=199.8 | genLagP99=0.07ms | STABLE
  r2.8 optimized-http 16384B disabled rep 3 disk=fast(0.337ms) optimized-http rate=100/s payload=16384B | achieved=100/s (100.0%) | err=0.00% | p50=2.145ms p99=5.307ms p99.9=11.199ms max=11.337ms | leaderCPU=24% ELU=0.219 fsync/s=100 meta/s=8.3 AE/s=199.9 | genLagP99=0.058ms | STABLE
  r2.9 optimized-binary 1024B disabled rep 3 disk=fast(0.343ms) optimized-binary rate=100/s payload=1024B | achieved=100/s (100.0%) | err=0.00% | p50=1.489ms p99=2.775ms p99.9=3.869ms max=6.649ms | leaderCPU=9.1% ELU=0.124 fsync/s=100 meta/s=9.4 AE/s=200 | genLagP99=0.049ms | STABLE
  r2.10 baseline 16384B disabled rep 3 disk=fast(0.344ms) baseline rate=100/s payload=16384B | achieved=100/s (100.0%) | err=0.00% | p50=4.171ms p99=14.071ms p99.9=14.319ms max=14.832ms | leaderCPU=16.9% ELU=0.276 fsync/s=100 meta/s=91.1 AE/s=180.5 | genLagP99=0.04ms | STABLE
  r2.11 transport-only 1024B disabled rep 3 disk=fast(0.352ms) transport-only rate=100/s payload=1024B | achieved=100/s (100.0%) | err=0.00% | p50=3.659ms p99=13.135ms p99.9=13.671ms max=124.943ms | leaderCPU=13.2% ELU=0.213 fsync/s=100 meta/s=91.7 AE/s=183.1 | genLagP99=0.026ms | STABLE
  r2.12 optimized-binary 64B disabled rep 3 disk=fast(0.38ms) optimized-binary rate=100/s payload=64B | achieved=100/s (100.0%) | err=0.00% | p50=1.555ms p99=7.175ms p99.9=10.319ms max=10.36ms | leaderCPU=9.2% ELU=0.164 fsync/s=99.9 meta/s=9.3 AE/s=199.8 | genLagP99=0.057ms | STABLE
  r2.13 baseline 64B disabled rep 3 disk=slow(1.65ms) baseline rate=100/s payload=64B | achieved=100/s (100.0%) | err=0.00% | p50=20.575ms p99=34.591ms p99.9=41.119ms max=125.492ms | leaderCPU=16.5% ELU=0.659 fsync/s=100 meta/s=72.7 AE/s=116.8 | genLagP99=0.048ms | STABLE
  r2.14 optimized-http 64B disabled rep 3 disk=slow(1.666ms) optimized-http rate=100/s payload=64B | achieved=100/s (100.0%) | err=0.00% | p50=4.627ms p99=9.543ms p99.9=14.495ms max=18.963ms | leaderCPU=12.3% ELU=0.322 fsync/s=100 meta/s=9.1 AE/s=199.9 | genLagP99=0.05ms | STABLE
  r3.0 batch-only 1024B disabled rep 4 disk=slow(1.638ms) batch-only rate=100/s payload=1024B | achieved=100/s (100.0%) | err=0.00% | p50=14.031ms p99=30.463ms p99.9=37.247ms max=37.446ms | leaderCPU=20.2% ELU=0.488 fsync/s=99.9 meta/s=79.8 AE/s=147.1 | genLagP99=0.048ms | STABLE
  r3.1 group-batch 1024B disabled rep 4 disk=fast(0.399ms) group-batch rate=100/s payload=1024B | achieved=100/s (100.0%) | err=0.00% | p50=2.111ms p99=12.343ms p99.9=13.415ms max=13.418ms | leaderCPU=16.3% ELU=0.191 fsync/s=100 meta/s=9.3 AE/s=191.6 | genLagP99=0.046ms | STABLE
  r3.2 pipeline-only 1024B disabled rep 4 disk=fast(0.395ms) pipeline-only rate=100/s payload=1024B | achieved=100/s (100.0%) | err=0.00% | p50=4.343ms p99=6.059ms p99.9=10.247ms max=10.99ms | leaderCPU=25.2% ELU=0.306 fsync/s=100 meta/s=100 AE/s=200 | genLagP99=0.058ms | STABLE
  r3.3 group-batch-pipeline 1024B disabled rep 4 disk=fast(0.37ms) group-batch-pipeline rate=100/s payload=1024B | achieved=100/s (100.0%) | err=0.00% | p50=2.119ms p99=3.529ms p99.9=4.519ms max=5.77ms | leaderCPU=17.3% ELU=0.197 fsync/s=99.9 meta/s=9.3 AE/s=199.8 | genLagP99=0.06ms | STABLE
  r3.4 group-commit 1024B disabled rep 4 disk=fast(0.36ms) group-commit rate=100/s payload=1024B | achieved=100/s (100.0%) | err=0.00% | p50=2.169ms p99=12.367ms p99.9=13.511ms max=13.757ms | leaderCPU=17.6% ELU=0.203 fsync/s=100 meta/s=9.3 AE/s=193.9 | genLagP99=0.058ms | STABLE
  r3.5 optimized-http 1024B disabled rep 4 disk=fast(0.381ms) optimized-http rate=100/s payload=1024B | achieved=100/s (100.0%) | err=0.00% | p50=1.974ms p99=3.389ms p99.9=6.743ms max=9.027ms | leaderCPU=15.7% ELU=0.187 fsync/s=100 meta/s=9.3 AE/s=200 | genLagP99=0.034ms | STABLE
  r3.6 baseline 1024B disabled rep 4 disk=fast(0.352ms) baseline rate=100/s payload=1024B | achieved=100/s (100.0%) | err=0.00% | p50=4.027ms p99=13.855ms p99.9=14.391ms max=20.08ms | leaderCPU=22.6% ELU=0.271 fsync/s=100 meta/s=91.8 AE/s=182.4 | genLagP99=0.05ms | STABLE
  r3.7 optimized-binary 1024B disabled rep 4 disk=fast(0.364ms) optimized-binary rate=100/s payload=1024B | achieved=100/s (100.0%) | err=0.00% | p50=1.588ms p99=2.915ms p99.9=5.167ms max=9.619ms | leaderCPU=11% ELU=0.132 fsync/s=100 meta/s=9.3 AE/s=199.9 | genLagP99=0.05ms | STABLE
  r3.8 transport-only 1024B disabled rep 4 disk=fast(0.433ms) transport-only rate=100/s payload=1024B | achieved=100/s (100.0%) | err=0.00% | p50=3.359ms p99=13.279ms p99.9=13.895ms max=14.06ms | leaderCPU=17.4% ELU=0.227 fsync/s=100 meta/s=93.3 AE/s=186 | genLagP99=0.037ms | STABLE
  r4.0 group-batch 1024B disabled rep 5 disk=fast(0.398ms) group-batch rate=100/s payload=1024B | achieved=100/s (100.0%) | err=0.00% | p50=1.895ms p99=12.039ms p99.9=13.383ms max=14.045ms | leaderCPU=13.9% ELU=0.179 fsync/s=99.9 meta/s=9.3 AE/s=194.6 | genLagP99=0.04ms | STABLE
  r4.1 group-batch-pipeline 1024B disabled rep 5 disk=fast(0.336ms) group-batch-pipeline rate=100/s payload=1024B | achieved=100/s (100.0%) | err=0.00% | p50=1.872ms p99=3.305ms p99.9=4.767ms max=5.187ms | leaderCPU=14.1% ELU=0.18 fsync/s=100 meta/s=9.3 AE/s=199.9 | genLagP99=0.057ms | STABLE
  r4.2 batch-only 1024B disabled rep 5 disk=fast(0.344ms) batch-only rate=100/s payload=1024B | achieved=100/s (100.0%) | err=0.00% | p50=4.107ms p99=13.775ms p99.9=14.167ms max=14.219ms | leaderCPU=15.6% ELU=0.265 fsync/s=100 meta/s=90.5 AE/s=180.3 | genLagP99=0.05ms | STABLE
  r4.3 optimized-http 1024B disabled rep 5 disk=fast(0.329ms) optimized-http rate=100/s payload=1024B | achieved=100/s (100.0%) | err=0.00% | p50=1.928ms p99=3.243ms p99.9=4.287ms max=4.984ms | leaderCPU=16.2% ELU=0.186 fsync/s=100 meta/s=9.4 AE/s=199.9 | genLagP99=0.047ms | STABLE
  r4.4 pipeline-only 1024B disabled rep 5 disk=fast(0.351ms) pipeline-only rate=100/s payload=1024B | achieved=100/s (100.0%) | err=0.00% | p50=3.859ms p99=5.267ms p99.9=7.179ms max=10.362ms | leaderCPU=25.1% ELU=0.275 fsync/s=100 meta/s=100 AE/s=199.9 | genLagP99=0.052ms | STABLE
  r4.5 optimized-binary 1024B disabled rep 5 disk=fast(0.337ms) optimized-binary rate=100/s payload=1024B | achieved=100/s (100.0%) | err=0.00% | p50=1.542ms p99=2.859ms p99.9=4.115ms max=8.597ms | leaderCPU=7.5% ELU=0.132 fsync/s=100 meta/s=9.3 AE/s=200 | genLagP99=0.037ms | STABLE
  r4.6 group-commit 1024B disabled rep 5 disk=fast(0.339ms) group-commit rate=100/s payload=1024B | achieved=100/s (100.0%) | err=0.00% | p50=2.059ms p99=12.391ms p99.9=13.327ms max=14.139ms | leaderCPU=16.3% ELU=0.192 fsync/s=100 meta/s=9.3 AE/s=190.5 | genLagP99=0.049ms | STABLE
  r4.7 transport-only 1024B disabled rep 5 disk=fast(0.376ms) transport-only rate=100/s payload=1024B | achieved=100/s (100.0%) | err=0.00% | p50=3.635ms p99=13.143ms p99.9=13.799ms max=15.027ms | leaderCPU=16.1% ELU=0.227 fsync/s=100 meta/s=92.8 AE/s=184.8 | genLagP99=0.043ms | STABLE
  r4.8 baseline 1024B disabled rep 5 disk=fast(0.344ms) baseline rate=100/s payload=1024B | achieved=100/s (100.0%) | err=0.00% | p50=4.275ms p99=13.759ms p99.9=18.271ms max=19.753ms | leaderCPU=23.5% ELU=0.272 fsync/s=100 meta/s=89.1 AE/s=176.7 | genLagP99=0.049ms | STABLE
rung 200/s: baseline@1024B, group-commit@1024B, pipeline-only@1024B, batch-only@1024B, group-batch@1024B, group-batch-pipeline@1024B, optimized-http@1024B, optimized-binary@1024B, transport-only@1024B, baseline@64B, optimized-http@64B, optimized-binary@64B, baseline@16384B, optimized-http@16384B, optimized-binary@16384B
  r5.0 group-batch-pipeline 1024B disabled rep 1 disk=fast(0.324ms) group-batch-pipeline rate=200/s payload=1024B | achieved=200/s (100.0%) | err=0.00% | p50=1.741ms p99=2.779ms p99.9=4.163ms max=5.249ms | leaderCPU=27.3% ELU=0.303 fsync/s=200.1 meta/s=9.7 AE/s=400.1 | genLagP99=0.041ms | STABLE
  r5.1 optimized-http 1024B disabled rep 1 disk=fast(0.32ms) optimized-http rate=200/s payload=1024B | achieved=200/s (100.0%) | err=0.00% | p50=1.746ms p99=2.893ms p99.9=4.999ms max=8.953ms | leaderCPU=28.1% ELU=0.311 fsync/s=199.9 meta/s=9.7 AE/s=399.8 | genLagP99=0.035ms | STABLE
  r5.2 group-batch 1024B disabled rep 1 disk=fast(0.344ms) group-batch rate=200/s payload=1024B | achieved=200/s (100.0%) | err=0.00% | p50=1.847ms p99=7.159ms p99.9=8.319ms max=12.375ms | leaderCPU=26.6% ELU=0.302 fsync/s=199.9 meta/s=9.6 AE/s=381.4 | genLagP99=0.04ms | STABLE
  r5.3 optimized-binary 1024B disabled rep 1 disk=fast(0.322ms) optimized-binary rate=200/s payload=1024B | achieved=200/s (100.0%) | err=0.00% | p50=1.407ms p99=2.519ms p99.9=7.243ms max=12.989ms | leaderCPU=13.5% ELU=0.216 fsync/s=200 meta/s=9.7 AE/s=400 | genLagP99=0.046ms | STABLE
  r5.4 batch-only 1024B disabled rep 1 disk=fast(0.377ms) batch-only rate=200/s payload=1024B | achieved=200/s (100.0%) | err=0.00% | p50=4.807ms p99=10.495ms p99.9=29.791ms max=35.782ms | leaderCPU=30.8% ELU=0.512 fsync/s=199.8 meta/s=173.4 AE/s=323.6 | genLagP99=0.052ms | STABLE
  r5.5 transport-only 1024B disabled rep 1 disk=fast(0.365ms) transport-only rate=200/s payload=1024B | achieved=199.7/s (99.8%) | err=0.00% | p50=45.279ms p99=60.447ms p99.9=63.487ms max=64.523ms | leaderCPU=19.8% ELU=0.924 fsync/s=200 meta/s=89.3 AE/s=114 | genLagP99=0.07ms | UNSTABLE(latency grew 9.09x across the window)
  r5.6 pipeline-only 1024B disabled rep 1 disk=slow(1.707ms) pipeline-only rate=200/s payload=1024B | achieved=199.9/s (100.0%) | err=0.00% | p50=441.087ms p99=512.767ms p99.9=685.055ms max=729.563ms | leaderCPU=15.8% ELU=1 fsync/s=199 meta/s=70.7 AE/s=70.3 | genLagP99=0.068ms | STABLE
  r5.7 baseline 64B disabled rep 1 disk=slow(1.774ms) baseline rate=200/s payload=64B | achieved=200.4/s (100.2%) | err=0.00% | p50=4.283ms p99=58.911ms p99.9=70.911ms max=80.02ms | leaderCPU=38% ELU=0.516 fsync/s=200 meta/s=166.5 AE/s=311.6 | genLagP99=0.047ms | STABLE
  r5.8 group-commit 1024B disabled rep 1 disk=fast(0.307ms) group-commit rate=200/s payload=1024B | achieved=200/s (100.0%) | err=0.00% | p50=1.851ms p99=7.103ms p99.9=7.979ms max=8.688ms | leaderCPU=27% ELU=0.323 fsync/s=199.9 meta/s=9.7 AE/s=388.7 | genLagP99=0.051ms | STABLE
  r5.9 optimized-http 64B disabled rep 1 disk=fast(0.397ms) optimized-http rate=200/s payload=64B | achieved=200/s (100.0%) | err=0.00% | p50=1.655ms p99=2.793ms p99.9=3.897ms max=4.42ms | leaderCPU=28.1% ELU=0.287 fsync/s=199.9 meta/s=9.7 AE/s=399.8 | genLagP99=0.039ms | STABLE
  r5.10 baseline 1024B disabled rep 1 disk=fast(0.34ms) baseline rate=200/s payload=1024B | achieved=200.1/s (100.0%) | err=0.00% | p50=4.411ms p99=9.103ms p99.9=19.871ms max=29.761ms | leaderCPU=30.3% ELU=0.483 fsync/s=199.9 meta/s=179.7 AE/s=337.6 | genLagP99=0.022ms | STABLE
  r5.11 optimized-binary 64B disabled rep 1 disk=fast(0.376ms) optimized-binary rate=200/s payload=64B | achieved=200/s (100.0%) | err=0.00% | p50=3.999ms p99=10.023ms p99.9=12.623ms max=30.855ms | leaderCPU=14% ELU=0.487 fsync/s=199.8 meta/s=9.3 AE/s=399.6 | genLagP99=0.059ms | STABLE
  r5.12 optimized-binary 16384B disabled rep 1 disk=slow(1.87ms) optimized-binary rate=200/s payload=16384B | achieved=200/s (100.0%) | err=0.00% | p50=4.115ms p99=10.071ms p99.9=14.151ms max=18.032ms | leaderCPU=21.3% ELU=0.489 fsync/s=199.7 meta/s=9.4 AE/s=399.5 | genLagP99=0.033ms | STABLE
  r5.13 baseline 16384B disabled rep 1 disk=fast(0.351ms) baseline rate=200/s payload=16384B | achieved=200/s (100.0%) | err=0.00% | p50=30.511ms p99=49.887ms p99.9=54.559ms max=55.781ms | leaderCPU=22.7% ELU=0.929 fsync/s=200 meta/s=82.3 AE/s=106.2 | genLagP99=0.056ms | STABLE
  r5.14 optimized-http 16384B disabled rep 1 disk=slow(1.777ms) optimized-http rate=200/s payload=16384B | achieved=199.9/s (100.0%) | err=0.00% | p50=4.575ms p99=13.847ms p99.9=18.687ms max=20.398ms | leaderCPU=27.2% ELU=0.642 fsync/s=199.5 meta/s=9.3 AE/s=399.5 | genLagP99=0.05ms | STABLE
  r6.0 optimized-http 1024B disabled rep 2 disk=fast(0.342ms) optimized-http rate=200/s payload=1024B | achieved=200/s (100.0%) | err=0.00% | p50=1.657ms p99=2.851ms p99.9=4.699ms max=8.785ms | leaderCPU=21.9% ELU=0.285 fsync/s=200 meta/s=9.7 AE/s=400 | genLagP99=0.041ms | STABLE
  r6.1 optimized-binary 1024B disabled rep 2 disk=fast(0.361ms) optimized-binary rate=200/s payload=1024B | achieved=200/s (100.0%) | err=0.00% | p50=1.313ms p99=2.367ms p99.9=2.869ms max=3.399ms | leaderCPU=14.5% ELU=0.197 fsync/s=199.9 meta/s=9.7 AE/s=399.9 | genLagP99=0.041ms | STABLE
  r6.2 group-batch-pipeline 1024B disabled rep 2 disk=fast(0.316ms) group-batch-pipeline rate=200/s payload=1024B | achieved=200/s (100.0%) | err=0.00% | p50=1.693ms p99=2.807ms p99.9=5.215ms max=8.843ms | leaderCPU=16.5% ELU=0.281 fsync/s=199.8 meta/s=9.6 AE/s=399.6 | genLagP99=0.035ms | STABLE
  r6.3 transport-only 1024B disabled rep 2 disk=fast(0.337ms) transport-only rate=200/s payload=1024B | achieved=199.9/s (100.0%) | err=0.00% | p50=3.877ms p99=8.199ms p99.9=10.767ms max=13.036ms | leaderCPU=32.6% ELU=0.396 fsync/s=199.9 meta/s=184.1 AE/s=355 | genLagP99=0.026ms | STABLE
  r6.4 group-batch 1024B disabled rep 2 disk=fast(0.35ms) group-batch rate=200/s payload=1024B | achieved=200/s (100.0%) | err=0.00% | p50=4.399ms p99=13.007ms p99.9=15.575ms max=18.285ms | leaderCPU=20.4% ELU=0.492 fsync/s=199.8 meta/s=9.4 AE/s=352.3 | genLagP99=0.036ms | STABLE
  r6.5 baseline 64B disabled rep 2 disk=slow(1.658ms) baseline rate=200/s payload=64B | achieved=200.1/s (100.0%) | err=0.00% | p50=47.935ms p99=68.991ms p99.9=78.271ms max=83.152ms | leaderCPU=15.6% ELU=0.997 fsync/s=199.9 meta/s=68.7 AE/s=70.5 | genLagP99=0.055ms | STABLE
  r6.6 batch-only 1024B disabled rep 2 disk=slow(1.796ms) batch-only rate=200/s payload=1024B | achieved=200.3/s (100.2%) | err=0.00% | p50=4.531ms p99=42.047ms p99.9=46.399ms max=49.8ms | leaderCPU=23.1% ELU=0.608 fsync/s=199.8 meta/s=158.3 AE/s=283.2 | genLagP99=0.055ms | STABLE
  r6.7 optimized-http 64B disabled rep 2 disk=fast(0.337ms) optimized-http rate=200/s payload=64B | achieved=199.9/s (100.0%) | err=0.00% | p50=1.706ms p99=2.853ms p99.9=4.231ms max=14.51ms | leaderCPU=22.5% ELU=0.301 fsync/s=200 meta/s=9.7 AE/s=400 | genLagP99=0.033ms | STABLE
  r6.8 pipeline-only 1024B disabled rep 2 disk=fast(0.325ms) pipeline-only rate=200/s payload=1024B | achieved=200/s (100.0%) | err=0.00% | p50=4.587ms p99=7.035ms p99.9=9.943ms max=11.206ms | leaderCPU=39.6% ELU=0.529 fsync/s=200.1 meta/s=200.1 AE/s=400.1 | genLagP99=0.033ms | STABLE
  r6.9 optimized-binary 64B disabled rep 2 disk=fast(0.32ms) optimized-binary rate=200/s payload=64B | achieved=200/s (100.0%) | err=0.00% | p50=1.435ms p99=7.947ms p99.9=9.559ms max=10.06ms | leaderCPU=14.6% ELU=0.296 fsync/s=200 meta/s=9.6 AE/s=400 | genLagP99=0.025ms | STABLE
  r6.10 group-commit 1024B disabled rep 2 disk=slow(1.878ms) group-commit rate=200/s payload=1024B | achieved=200/s (100.0%) | err=0.00% | p50=4.479ms p99=11.775ms p99.9=14.543ms max=14.854ms | leaderCPU=25.4% ELU=0.613 fsync/s=198.9 meta/s=9.2 AE/s=355.3 | genLagP99=0.034ms | STABLE
  r6.11 baseline 16384B disabled rep 2 disk=slow(1.913ms) baseline rate=200/s payload=16384B | achieved=200.3/s (100.2%) | err=0.00% | p50=30.991ms p99=48.639ms p99.9=61.727ms max=67.606ms | leaderCPU=28.8% ELU=0.847 fsync/s=199.9 meta/s=104 AE/s=150.2 | genLagP99=0.046ms | STABLE
  r6.12 baseline 1024B disabled rep 2 disk=fast(0.302ms) baseline rate=200/s payload=1024B | achieved=200/s (100.0%) | err=0.00% | p50=4.255ms p99=9.319ms p99.9=13.927ms max=17.021ms | leaderCPU=40.8% ELU=0.458 fsync/s=200 meta/s=180.7 AE/s=343.5 | genLagP99=0.037ms | STABLE
  r6.13 optimized-http 16384B disabled rep 2 disk=fast(0.341ms) optimized-http rate=200/s payload=16384B | achieved=200/s (100.0%) | err=0.00% | p50=2.105ms p99=10.967ms p99.9=14.959ms max=15.578ms | leaderCPU=26.1% ELU=0.458 fsync/s=199.8 meta/s=9.4 AE/s=399.6 | genLagP99=0.031ms | STABLE
  r6.14 optimized-binary 16384B disabled rep 2 disk=slow(1.784ms) optimized-binary rate=200/s payload=16384B | achieved=199.9/s (100.0%) | err=0.00% | p50=4.283ms p99=10.407ms p99.9=14.159ms max=14.945ms | leaderCPU=16.5% ELU=0.568 fsync/s=199.8 meta/s=9.2 AE/s=399.8 | genLagP99=0.029ms | STABLE
  r7.0 optimized-binary 1024B disabled rep 3 disk=slow(1.664ms) optimized-binary rate=200/s payload=1024B | achieved=200/s (100.0%) | err=0.00% | p50=3.881ms p99=8.231ms p99.9=9.351ms max=13.491ms | leaderCPU=13.7% ELU=0.437 fsync/s=199.9 meta/s=9.5 AE/s=399.8 | genLagP99=0.026ms | STABLE
  r7.1 transport-only 1024B disabled rep 3 disk=slow(1.731ms) transport-only rate=200/s payload=1024B | achieved=200.3/s (100.1%) | err=0.00% | p50=24.703ms p99=39.167ms p99.9=43.487ms max=44.959ms | leaderCPU=19.4% ELU=0.802 fsync/s=200 meta/s=119 AE/s=183 | genLagP99=0.027ms | STABLE
  r7.2 optimized-http 1024B disabled rep 3 disk=fast(0.316ms) optimized-http rate=200/s payload=1024B | achieved=200/s (100.0%) | err=0.00% | p50=1.704ms p99=3.029ms p99.9=9.127ms max=17.909ms | leaderCPU=25.4% ELU=0.273 fsync/s=199.9 meta/s=9.6 AE/s=399.9 | genLagP99=0.022ms | STABLE
  r7.3 baseline 64B disabled rep 3 disk=fast(0.32ms) baseline rate=200/s payload=64B | achieved=199.9/s (100.0%) | err=0.00% | p50=4.139ms p99=8.503ms p99.9=10.215ms max=13.367ms | leaderCPU=22.8% ELU=0.44 fsync/s=200 meta/s=183.7 AE/s=361.9 | genLagP99=0.024ms | STABLE
  r7.4 group-batch-pipeline 1024B disabled rep 3 disk=fast(0.291ms) group-batch-pipeline rate=200/s payload=1024B | achieved=199.9/s (100.0%) | err=0.00% | p50=1.962ms p99=9.295ms p99.9=10.623ms max=15.804ms | leaderCPU=26% ELU=0.412 fsync/s=199.9 meta/s=9.6 AE/s=399.9 | genLagP99=0.021ms | STABLE
  r7.5 optimized-http 64B disabled rep 3 disk=slow(1.876ms) optimized-http rate=200/s payload=64B | achieved=200/s (100.0%) | err=0.00% | p50=4.363ms p99=10.727ms p99.9=13.991ms max=14.206ms | leaderCPU=14.2% ELU=0.574 fsync/s=199.3 meta/s=9.2 AE/s=398.9 | genLagP99=0.021ms | STABLE
  r7.6 group-batch 1024B disabled rep 3 disk=slow(1.637ms) group-batch rate=200/s payload=1024B | achieved=200/s (100.0%) | err=0.00% | p50=1.764ms p99=7.027ms p99.9=7.779ms max=7.927ms | leaderCPU=28.6% ELU=0.287 fsync/s=199.9 meta/s=9.6 AE/s=384.9 | genLagP99=0.044ms | STABLE
  r7.7 optimized-binary 64B disabled rep 3 disk=fast(0.317ms) optimized-binary rate=200/s payload=64B | achieved=199.9/s (100.0%) | err=0.00% | p50=1.297ms p99=2.489ms p99.9=2.955ms max=7.929ms | leaderCPU=14.8% ELU=0.187 fsync/s=200.1 meta/s=9.6 AE/s=400.1 | genLagP99=0.036ms | STABLE
  r7.8 batch-only 1024B disabled rep 3 disk=fast(0.307ms) batch-only rate=200/s payload=1024B | achieved=199.9/s (100.0%) | err=0.00% | p50=4.151ms p99=8.591ms p99.9=12.103ms max=156.614ms | leaderCPU=37% ELU=0.443 fsync/s=200 meta/s=175.2 AE/s=326.8 | genLagP99=0.028ms | STABLE
  r7.9 baseline 16384B disabled rep 3 disk=fast(0.311ms) baseline rate=200/s payload=16384B | achieved=199.9/s (100.0%) | err=0.00% | p50=50.271ms p99=66.303ms p99.9=69.951ms max=72.66ms | leaderCPU=18.3% ELU=0.998 fsync/s=200 meta/s=66.5 AE/s=67.1 | genLagP99=0.039ms | STABLE
  r7.10 pipeline-only 1024B disabled rep 3 disk=slow(1.709ms) pipeline-only rate=200/s payload=1024B | achieved=198.2/s (99.1%) | err=0.00% | p50=328.703ms p99=500.735ms p99.9=511.487ms max=531.023ms | leaderCPU=15.6% ELU=1 fsync/s=198.8 meta/s=92.5 AE/s=92.9 | genLagP99=0.059ms | STABLE
  r7.11 optimized-http 16384B disabled rep 3 disk=slow(1.774ms) optimized-http rate=200/s payload=16384B | achieved=200/s (100.0%) | err=0.00% | p50=4.567ms p99=10.607ms p99.9=18.815ms max=21.417ms | leaderCPU=27.3% ELU=0.589 fsync/s=199.7 meta/s=9.4 AE/s=399.5 | genLagP99=0.017ms | STABLE
  r7.12 group-commit 1024B disabled rep 3 disk=fast(0.299ms) group-commit rate=200/s payload=1024B | achieved=200/s (100.0%) | err=0.00% | p50=1.709ms p99=6.983ms p99.9=7.819ms max=8.231ms | leaderCPU=15.4% ELU=0.268 fsync/s=199.8 meta/s=9.6 AE/s=382.9 | genLagP99=0.029ms | STABLE
  r7.13 optimized-binary 16384B disabled rep 3 disk=fast(0.296ms) optimized-binary rate=200/s payload=16384B | achieved=200/s (100.0%) | err=0.00% | p50=1.45ms p99=2.617ms p99.9=5.683ms max=11.48ms | leaderCPU=19.4% ELU=0.225 fsync/s=199.9 meta/s=9.7 AE/s=399.9 | genLagP99=0.028ms | STABLE
  r7.14 baseline 1024B disabled rep 3 disk=fast(0.297ms) baseline rate=200/s payload=1024B | achieved=200/s (100.0%) | err=0.00% | p50=4.179ms p99=8.623ms p99.9=10.975ms max=13.263ms | leaderCPU=43.1% ELU=0.445 fsync/s=199.9 meta/s=176 AE/s=331.9 | genLagP99=0.023ms | STABLE
  r8.0 transport-only 1024B disabled rep 4 disk=fast(0.296ms) transport-only rate=200/s payload=1024B | achieved=199.7/s (99.9%) | err=0.00% | p50=27.535ms p99=43.071ms p99.9=47.519ms max=49.176ms | leaderCPU=15.6% ELU=0.945 fsync/s=200 meta/s=99.9 AE/s=120.5 | genLagP99=0.027ms | STABLE
  r8.1 baseline 1024B disabled rep 4 disk=slow(1.642ms) baseline rate=200/s payload=1024B | achieved=200/s (100.0%) | err=0.00% | p50=4.143ms p99=8.551ms p99.9=10.327ms max=11.425ms | leaderCPU=36.2% ELU=0.435 fsync/s=199.9 meta/s=176.7 AE/s=339.3 | genLagP99=0.024ms | STABLE
  r8.2 optimized-binary 1024B disabled rep 4 disk=fast(0.294ms) optimized-binary rate=200/s payload=1024B | achieved=200/s (100.0%) | err=0.00% | p50=1.277ms p99=2.315ms p99.9=2.827ms max=4.118ms | leaderCPU=14.5% ELU=0.189 fsync/s=199.9 meta/s=9.7 AE/s=399.9 | genLagP99=0.03ms | STABLE
  r8.3 group-commit 1024B disabled rep 4 disk=fast(0.295ms) group-commit rate=200/s payload=1024B | achieved=200/s (100.0%) | err=0.00% | p50=1.697ms p99=6.939ms p99.9=8.239ms max=13.989ms | leaderCPU=16.7% ELU=0.27 fsync/s=199.9 meta/s=9.6 AE/s=384.4 | genLagP99=0.024ms | STABLE
  r8.4 optimized-http 1024B disabled rep 4 disk=fast(0.309ms) optimized-http rate=200/s payload=1024B | achieved=200/s (100.0%) | err=0.00% | p50=1.662ms p99=2.725ms p99.9=4.787ms max=9.687ms | leaderCPU=26% ELU=0.275 fsync/s=199.9 meta/s=9.7 AE/s=399.8 | genLagP99=0.019ms | STABLE
  r8.5 pipeline-only 1024B disabled rep 4 disk=fast(0.3ms) pipeline-only rate=200/s payload=1024B | achieved=200/s (100.0%) | err=0.00% | p50=4.025ms p99=5.147ms p99.9=10.191ms max=11.992ms | leaderCPU=26.4% ELU=0.483 fsync/s=199.9 meta/s=199.9 AE/s=399.8 | genLagP99=0.031ms | STABLE
  r8.6 group-batch-pipeline 1024B disabled rep 4 disk=fast(0.313ms) group-batch-pipeline rate=200/s payload=1024B | achieved=199.9/s (100.0%) | err=0.00% | p50=1.965ms p99=9.983ms p99.9=14.487ms max=14.699ms | leaderCPU=23.8% ELU=0.417 fsync/s=199.8 meta/s=9.4 AE/s=399.6 | genLagP99=0.028ms | STABLE
  r8.7 batch-only 1024B disabled rep 4 disk=slow(1.621ms) batch-only rate=200/s payload=1024B | achieved=200/s (100.0%) | err=0.00% | p50=27.823ms p99=50.655ms p99.9=60.543ms max=62.356ms | leaderCPU=29.1% ELU=0.743 fsync/s=199.9 meta/s=132.8 AE/s=215.5 | genLagP99=0.037ms | STABLE
  r8.8 group-batch 1024B disabled rep 4 disk=slow(1.66ms) group-batch rate=200/s payload=1024B | achieved=199.9/s (100.0%) | err=0.00% | p50=4.395ms p99=9.775ms p99.9=12.575ms max=12.899ms | leaderCPU=24.4% ELU=0.547 fsync/s=200 meta/s=9.4 AE/s=365.9 | genLagP99=0.019ms | STABLE
  r9.0 group-batch-pipeline 1024B disabled rep 5 disk=slow(1.768ms) group-batch-pipeline rate=200/s payload=1024B | achieved=200/s (100.0%) | err=0.00% | p50=1.718ms p99=2.819ms p99.9=3.809ms max=4.726ms | leaderCPU=25.3% ELU=0.278 fsync/s=199.9 meta/s=9.6 AE/s=399.9 | genLagP99=0.045ms | STABLE
  r9.1 group-batch 1024B disabled rep 5 disk=fast(0.294ms) group-batch rate=200/s payload=1024B | achieved=200/s (100.0%) | err=0.00% | p50=1.75ms p99=7.003ms p99.9=8.075ms max=9.428ms | leaderCPU=14.8% ELU=0.274 fsync/s=199.9 meta/s=9.6 AE/s=380.7 | genLagP99=0.026ms | STABLE
  r9.2 optimized-http 1024B disabled rep 5 disk=fast(0.303ms) optimized-http rate=200/s payload=1024B | achieved=200/s (100.0%) | err=0.00% | p50=1.672ms p99=2.921ms p99.9=4.495ms max=8.821ms | leaderCPU=25.3% ELU=0.277 fsync/s=199.8 meta/s=9.7 AE/s=399.6 | genLagP99=0.046ms | STABLE
  r9.3 batch-only 1024B disabled rep 5 disk=fast(0.293ms) batch-only rate=200/s payload=1024B | achieved=200.1/s (100.0%) | err=0.00% | p50=4.463ms p99=12.079ms p99.9=48.031ms max=87.509ms | leaderCPU=30.4% ELU=0.494 fsync/s=199.8 meta/s=174.3 AE/s=327.3 | genLagP99=0.07ms | STABLE
  r9.4 optimized-binary 1024B disabled rep 5 disk=fast(0.368ms) optimized-binary rate=200/s payload=1024B | achieved=200/s (100.0%) | err=0.00% | p50=1.666ms p99=8.591ms p99.9=11.063ms max=14.1ms | leaderCPU=19.2% ELU=0.342 fsync/s=199.9 meta/s=9.5 AE/s=399.9 | genLagP99=0.046ms | STABLE
  r9.5 pipeline-only 1024B disabled rep 5 disk=slow(1.675ms) pipeline-only rate=200/s payload=1024B | achieved=200/s (100.0%) | err=0.00% | p50=332.031ms p99=397.567ms p99.9=465.663ms max=542.684ms | leaderCPU=17.7% ELU=1 fsync/s=198.4 meta/s=93 AE/s=93.2 | genLagP99=0.045ms | STABLE
  r9.6 transport-only 1024B disabled rep 5 disk=slow(1.66ms) transport-only rate=200/s payload=1024B | achieved=200.3/s (100.1%) | err=0.00% | p50=4.059ms p99=37.727ms p99.9=45.951ms max=48.019ms | leaderCPU=24.6% ELU=0.519 fsync/s=199.8 meta/s=170.6 AE/s=316.9 | genLagP99=0.053ms | STABLE
  r9.7 group-commit 1024B disabled rep 5 disk=fast(0.44ms) group-commit rate=200/s payload=1024B | achieved=199.9/s (100.0%) | err=0.00% | p50=2.099ms p99=10.151ms p99.9=14.023ms max=104.999ms | leaderCPU=28.9% ELU=0.4 fsync/s=199.9 meta/s=9.6 AE/s=372.9 | genLagP99=0.045ms | STABLE
  r9.8 baseline 1024B disabled rep 5 disk=slow(1.724ms) baseline rate=200/s payload=1024B | achieved=200.3/s (100.2%) | err=0.00% | p50=23.903ms p99=42.079ms p99.9=48.959ms max=58.79ms | leaderCPU=27.2% ELU=0.767 fsync/s=199.9 meta/s=125.5 AE/s=201.3 | genLagP99=0.049ms | STABLE
rung 300/s: baseline@1024B, group-commit@1024B, pipeline-only@1024B, batch-only@1024B, group-batch@1024B, group-batch-pipeline@1024B, optimized-http@1024B, optimized-binary@1024B, transport-only@1024B, baseline@64B, optimized-http@64B, optimized-binary@64B, baseline@16384B, optimized-http@16384B, optimized-binary@16384B
  r10.0 optimized-http 64B disabled rep 1 disk=fast(0.328ms) optimized-http rate=300/s payload=64B | achieved=300/s (100.0%) | err=0.00% | p50=1.536ms p99=2.729ms p99.9=4.271ms max=9.027ms | leaderCPU=32.3% ELU=0.397 fsync/s=299.9 meta/s=9.8 AE/s=599.8 | genLagP99=0.046ms | STABLE
  r10.1 optimized-binary 64B disabled rep 1 disk=fast(0.347ms) optimized-binary rate=300/s payload=64B | achieved=300/s (100.0%) | err=0.00% | p50=1.18ms p99=2.229ms p99.9=8.887ms max=12.766ms | leaderCPU=18% ELU=0.273 fsync/s=299.7 meta/s=9.8 AE/s=599.5 | genLagP99=0.037ms | STABLE
  r10.2 baseline 64B disabled rep 1 disk=fast(0.353ms) baseline rate=300/s payload=64B | achieved=299.4/s (99.8%) | err=0.00% | p50=5.327ms p99=50.527ms p99.9=59.391ms max=60.391ms | leaderCPU=38.9% ELU=0.609 fsync/s=300.1 meta/s=217.6 AE/s=404.1 | genLagP99=0.039ms | STABLE
  r10.3 baseline 16384B disabled rep 1 disk=slow(1.881ms) baseline rate=300/s payload=16384B | achieved=300.1/s (100.0%) | err=0.00% | p50=83.327ms p99=124.735ms p99.9=135.167ms max=138.941ms | leaderCPU=22.2% ELU=1 fsync/s=299.6 meta/s=45.5 AE/s=45.5 | genLagP99=0.038ms | STABLE
  r10.4 transport-only 1024B disabled rep 1 disk=slow(1.655ms) transport-only rate=300/s payload=1024B | achieved=300/s (100.0%) | err=0.00% | p50=48.959ms p99=72.767ms p99.9=80.959ms max=84.314ms | leaderCPU=16.1% ELU=1 fsync/s=299.8 meta/s=73.2 AE/s=73.1 | genLagP99=0.071ms | STABLE
  r10.5 optimized-http 16384B disabled rep 1 disk=slow(1.663ms) optimized-http rate=300/s payload=16384B | achieved=300/s (100.0%) | err=0.00% | p50=1.884ms p99=4.347ms p99.9=5.987ms max=9.733ms | leaderCPU=43.9% ELU=0.501 fsync/s=299.9 meta/s=9.7 AE/s=599.9 | genLagP99=0.024ms | STABLE
  r10.6 optimized-binary 1024B disabled rep 1 disk=fast(0.38ms) optimized-binary rate=300/s payload=1024B | achieved=299.9/s (100.0%) | err=0.00% | p50=1.297ms p99=2.355ms p99.9=3.321ms max=11.629ms | leaderCPU=18.5% ELU=0.296 fsync/s=300.1 meta/s=9.7 AE/s=600.1 | genLagP99=0.043ms | STABLE
  r10.7 optimized-binary 16384B disabled rep 1 disk=fast(0.381ms) optimized-binary rate=300/s payload=16384B | achieved=300/s (100.0%) | err=0.00% | p50=1.522ms p99=3.133ms p99.9=6.795ms max=9.487ms | leaderCPU=30.3% ELU=0.364 fsync/s=299.7 meta/s=9.8 AE/s=599.5 | genLagP99=0.059ms | STABLE
  r10.8 optimized-http 1024B disabled rep 1 disk=fast(0.371ms) optimized-http rate=300/s payload=1024B | achieved=299.9/s (100.0%) | err=0.00% | p50=1.78ms p99=3.337ms p99.9=8.095ms max=13.752ms | leaderCPU=42% ELU=0.462 fsync/s=299.9 meta/s=9.7 AE/s=599.9 | genLagP99=0.047ms | STABLE
  r10.9 baseline 1024B disabled rep 1 disk=fast(0.443ms) baseline rate=300/s payload=1024B | achieved=300/s (100.0%) | err=0.00% | p50=6.227ms p99=11.383ms p99.9=14.751ms max=17.658ms | leaderCPU=43.5% ELU=0.654 fsync/s=299.9 meta/s=212.6 AE/s=379.8 | genLagP99=0.055ms | STABLE
  r10.10 group-batch-pipeline 1024B disabled rep 1 disk=fast(0.399ms) group-batch-pipeline rate=300/s payload=1024B | achieved=299.9/s (100.0%) | err=0.00% | p50=7.547ms p99=13.999ms p99.9=16.863ms max=21.501ms | leaderCPU=30.4% ELU=0.91 fsync/s=282.6 meta/s=9.4 AE/s=590.9 | genLagP99=0.05ms | STABLE
  r10.11 group-commit 1024B disabled rep 1 disk=slow(1.667ms) group-commit rate=300/s payload=1024B | achieved=299.9/s (100.0%) | err=0.00% | p50=6.643ms p99=13.783ms p99.9=16.799ms max=17.676ms | leaderCPU=23.2% ELU=0.8 fsync/s=295.9 meta/s=9.5 AE/s=341.4 | genLagP99=0.045ms | STABLE
  r10.12 group-batch 1024B disabled rep 1 disk=slow(1.629ms) group-batch rate=300/s payload=1024B | achieved=300.1/s (100.0%) | err=0.00% | p50=1.692ms p99=10.823ms p99.9=14.031ms max=16.429ms | leaderCPU=35.1% ELU=0.481 fsync/s=299.4 meta/s=9.7 AE/s=546.5 | genLagP99=0.032ms | STABLE
  r10.13 pipeline-only 1024B disabled rep 1 disk=fast(0.346ms) pipeline-only rate=300/s payload=1024B | achieved=291.4/s (97.1%) | err=0.00% | p50=5.711ms p99=541.695ms p99.9=591.871ms max=612.435ms | leaderCPU=45.9% ELU=0.836 fsync/s=299.9 meta/s=268.1 AE/s=531.1 | genLagP99=0.052ms | UNSTABLE(achieved 97.1% of offered; latency grew 84.9x across the window)
  r10.14 batch-only 1024B disabled rep 1 disk=slow(1.82ms) batch-only rate=300/s payload=1024B | achieved=299.9/s (100.0%) | err=0.00% | p50=54.047ms p99=92.479ms p99.9=113.087ms max=119.282ms | leaderCPU=19.7% ELU=1 fsync/s=299.8 meta/s=58.6 AE/s=58.6 | genLagP99=0.06ms | STABLE
  r11.0 optimized-binary 64B disabled rep 2 disk=slow(1.655ms) optimized-binary rate=300/s payload=64B | achieved=300/s (100.0%) | err=0.00% | p50=5.903ms p99=13.279ms p99.9=16.311ms max=19.032ms | leaderCPU=14.9% ELU=0.848 fsync/s=289.6 meta/s=9.4 AE/s=584.7 | genLagP99=0.029ms | STABLE
  r11.1 baseline 16384B disabled rep 2 disk=slow(1.696ms) baseline rate=300/s payload=16384B | achieved=301.1/s (100.4%) | err=0.00% | p50=7.887ms p99=95.615ms p99.9=109.055ms max=113.514ms | leaderCPU=41.8% ELU=0.766 fsync/s=300.1 meta/s=159.4 AE/s=273.1 | genLagP99=0.053ms | STABLE
  r11.2 optimized-http 64B disabled rep 2 disk=fast(0.304ms) optimized-http rate=300/s payload=64B | achieved=300/s (100.0%) | err=0.00% | p50=1.566ms p99=2.855ms p99.9=6.891ms max=15.602ms | leaderCPU=36.6% ELU=0.406 fsync/s=299.8 meta/s=9.8 AE/s=599.6 | genLagP99=0.033ms | STABLE
  r11.3 optimized-http 16384B disabled rep 2 disk=fast(0.312ms) optimized-http rate=300/s payload=16384B | achieved=299.9/s (100.0%) | err=0.00% | p50=1.811ms p99=3.973ms p99.9=8.159ms max=12.038ms | leaderCPU=40.5% ELU=0.475 fsync/s=300.1 meta/s=9.8 AE/s=600.1 | genLagP99=0.043ms | STABLE
  r11.4 baseline 64B disabled rep 2 disk=fast(0.344ms) baseline rate=300/s payload=64B | achieved=299.4/s (99.8%) | err=0.00% | p50=5.415ms p99=55.263ms p99.9=64.863ms max=69.052ms | leaderCPU=41.9% ELU=0.62 fsync/s=300.1 meta/s=215.8 AE/s=399.5 | genLagP99=0.053ms | STABLE
  r11.5 optimized-binary 16384B disabled rep 2 disk=slow(1.916ms) optimized-binary rate=300/s payload=16384B | achieved=299.9/s (100.0%) | err=0.00% | p50=6.267ms p99=13.503ms p99.9=16.191ms max=19.52ms | leaderCPU=24.5% ELU=0.891 fsync/s=285.1 meta/s=9.4 AE/s=578 | genLagP99=0.047ms | STABLE
  r11.6 transport-only 1024B disabled rep 2 disk=slow(1.65ms) transport-only rate=300/s payload=1024B | achieved=300.6/s (100.2%) | err=0.00% | p50=7.867ms p99=56.703ms p99.9=68.799ms max=73.538ms | leaderCPU=24.6% ELU=0.775 fsync/s=299.7 meta/s=162.4 AE/s=266.9 | genLagP99=0.034ms | STABLE
  r11.7 baseline 1024B disabled rep 2 disk=fast(0.315ms) baseline rate=300/s payload=1024B | achieved=299.4/s (99.8%) | err=0.00% | p50=5.939ms p99=11.231ms p99.9=46.943ms max=53.495ms | leaderCPU=42.8% ELU=0.638 fsync/s=299.9 meta/s=214.2 AE/s=387.9 | genLagP99=0.063ms | STABLE
  r11.8 optimized-binary 1024B disabled rep 2 disk=slow(1.666ms) optimized-binary rate=300/s payload=1024B | achieved=300.1/s (100.0%) | err=0.00% | p50=5.807ms p99=13.639ms p99.9=21.023ms max=25.275ms | leaderCPU=16.1% ELU=0.834 fsync/s=286.9 meta/s=9.4 AE/s=583 | genLagP99=0.032ms | STABLE
  r11.9 group-commit 1024B disabled rep 2 disk=slow(1.689ms) group-commit rate=300/s payload=1024B | achieved=299.9/s (100.0%) | err=0.00% | p50=6.607ms p99=13.607ms p99.9=16.543ms max=20.459ms | leaderCPU=24.9% ELU=0.806 fsync/s=294.4 meta/s=9.4 AE/s=346.1 | genLagP99=0.045ms | STABLE
  r11.10 optimized-http 1024B disabled rep 2 disk=slow(1.675ms) optimized-http rate=300/s payload=1024B | achieved=299.9/s (100.0%) | err=0.00% | p50=1.581ms p99=2.807ms p99.9=4.775ms max=11.888ms | leaderCPU=33% ELU=0.408 fsync/s=300 meta/s=9.8 AE/s=600 | genLagP99=0.034ms | STABLE
  r11.11 pipeline-only 1024B disabled rep 2 disk=fast(0.353ms) pipeline-only rate=300/s payload=1024B | achieved=292.4/s (97.5%) | err=0.00% | p50=5.003ms p99=574.463ms p99.9=639.999ms max=695.938ms | leaderCPU=48.4% ELU=0.818 fsync/s=300.1 meta/s=272.9 AE/s=544.4 | genLagP99=0.048ms | UNSTABLE(achieved 97.5% of offered; latency grew 53.82x across the window)
  r11.12 group-batch-pipeline 1024B disabled rep 2 disk=slow(1.822ms) group-batch-pipeline rate=300/s payload=1024B | achieved=300/s (100.0%) | err=0.00% | p50=6.227ms p99=13.159ms p99.9=16.263ms max=21.631ms | leaderCPU=28.6% ELU=0.861 fsync/s=287.1 meta/s=9.5 AE/s=591.7 | genLagP99=0.035ms | STABLE
  r11.13 batch-only 1024B disabled rep 2 disk=slow(1.657ms) batch-only rate=300/s payload=1024B | achieved=300.6/s (100.2%) | err=0.00% | p50=6.595ms p99=59.039ms p99.9=73.599ms max=80.538ms | leaderCPU=35.7% ELU=0.724 fsync/s=299.6 meta/s=178.3 AE/s=309.6 | genLagP99=0.057ms | STABLE
  r11.14 group-batch 1024B disabled rep 2 disk=fast(0.382ms) group-batch rate=300/s payload=1024B | achieved=300/s (100.0%) | err=0.00% | p50=1.743ms p99=5.435ms p99.9=6.599ms max=8.698ms | leaderCPU=40.1% ELU=0.453 fsync/s=299.9 meta/s=9.7 AE/s=580.5 | genLagP99=0.054ms | STABLE
  r12.0 baseline 16384B disabled rep 3 disk=fast(0.401ms) baseline rate=300/s payload=16384B | achieved=299.9/s (100.0%) | err=0.00% | p50=6.491ms p99=12.367ms p99.9=16.783ms max=31.313ms | leaderCPU=46.3% ELU=0.667 fsync/s=299.9 meta/s=204.8 AE/s=361.9 | genLagP99=0.055ms | STABLE
  r12.1 optimized-http 16384B disabled rep 3 disk=fast(0.309ms) optimized-http rate=300/s payload=16384B | achieved=299.9/s (100.0%) | err=0.00% | p50=7.847ms p99=15.039ms p99.9=18.111ms max=20.952ms | leaderCPU=37.7% ELU=0.825 fsync/s=263 meta/s=9.4 AE/s=548.4 | genLagP99=0.043ms | STABLE
  r12.2 optimized-binary 64B disabled rep 3 disk=slow(1.688ms) optimized-binary rate=300/s payload=64B | achieved=300.1/s (100.0%) | err=0.00% | p50=6.551ms p99=14.103ms p99.9=16.279ms max=17.877ms | leaderCPU=18.6% ELU=0.886 fsync/s=284.1 meta/s=9.4 AE/s=576.7 | genLagP99=0.05ms | STABLE
  r12.3 optimized-binary 16384B disabled rep 3 disk=slow(1.73ms) optimized-binary rate=300/s payload=16384B | achieved=300.1/s (100.0%) | err=0.00% | p50=1.458ms p99=28.591ms p99.9=39.199ms max=52.449ms | leaderCPU=28.1% ELU=0.375 fsync/s=294.3 meta/s=9.8 AE/s=589.5 | genLagP99=22.415ms | STABLE
  r12.4 optimized-http 64B disabled rep 3 disk=fast(0.398ms) optimized-http rate=300/s payload=64B | achieved=300/s (100.0%) | err=0.00% | p50=1.665ms p99=2.979ms p99.9=5.215ms max=7.24ms | leaderCPU=33.6% ELU=0.43 fsync/s=300 meta/s=9.7 AE/s=600 | genLagP99=0.051ms | STABLE
  r12.5 baseline 1024B disabled rep 3 disk=fast(0.358ms) baseline rate=300/s payload=1024B | achieved=299.9/s (100.0%) | err=0.00% | p50=6.035ms p99=10.927ms p99.9=14.783ms max=20.049ms | leaderCPU=42.1% ELU=0.644 fsync/s=300 meta/s=212.8 AE/s=384.8 | genLagP99=0.06ms | STABLE
  r12.6 baseline 64B disabled rep 3 disk=fast(0.387ms) baseline rate=300/s payload=64B | achieved=299.6/s (99.9%) | err=0.00% | p50=73.919ms p99=103.167ms p99.9=116.159ms max=121.139ms | leaderCPU=18.8% ELU=1 fsync/s=299.9 meta/s=53.6 AE/s=53.5 | genLagP99=0.066ms | STABLE
  r12.7 group-commit 1024B disabled rep 3 disk=slow(1.676ms) group-commit rate=300/s payload=1024B | achieved=300.1/s (100.0%) | err=0.00% | p50=6.547ms p99=13.783ms p99.9=16.703ms max=19.421ms | leaderCPU=21.9% ELU=0.771 fsync/s=294.6 meta/s=9.4 AE/s=345.9 | genLagP99=0.037ms | STABLE
  r12.8 transport-only 1024B disabled rep 3 disk=fast(0.333ms) transport-only rate=300/s payload=1024B | achieved=299.4/s (99.8%) | err=0.00% | p50=4.579ms p99=46.559ms p99.9=53.535ms max=54.72ms | leaderCPU=32.9% ELU=0.59 fsync/s=299.9 meta/s=237.2 AE/s=430.7 | genLagP99=0.052ms | STABLE
  r12.9 pipeline-only 1024B disabled rep 3 disk=slow(1.857ms) pipeline-only rate=300/s payload=1024B | achieved=260.7/s (86.9%) | err=0.00% | p50=2347.007ms p99=3614.719ms p99.9=3639.295ms max=3646.004ms | leaderCPU=18.6% ELU=1 fsync/s=260.3 meta/s=57.3 AE/s=65 | genLagP99=0.086ms | UNSTABLE(achieved 86.9% of offered; p99 3614.719 ms; latency grew 4.21x across the window)
  r12.10 optimized-binary 1024B disabled rep 3 disk=slow(1.667ms) optimized-binary rate=300/s payload=1024B | achieved=300.1/s (100.0%) | err=0.00% | p50=5.551ms p99=11.007ms p99.9=13.775ms max=15.291ms | leaderCPU=18% ELU=0.754 fsync/s=292.6 meta/s=9.4 AE/s=590.4 | genLagP99=0.034ms | STABLE
  r12.11 batch-only 1024B disabled rep 3 disk=slow(1.858ms) batch-only rate=300/s payload=1024B | achieved=300.5/s (100.2%) | err=0.00% | p50=42.943ms p99=65.855ms p99.9=80.191ms max=89.894ms | leaderCPU=27.7% ELU=0.853 fsync/s=299.8 meta/s=127.2 AE/s=197 | genLagP99=0.047ms | STABLE
  r12.12 optimized-http 1024B disabled rep 3 disk=fast(0.327ms) optimized-http rate=300/s payload=1024B | achieved=300/s (100.0%) | err=0.00% | p50=1.552ms p99=2.745ms p99.9=5.711ms max=15.403ms | leaderCPU=32.7% ELU=0.397 fsync/s=299.9 meta/s=9.8 AE/s=600 | genLagP99=0.053ms | STABLE
  r12.13 group-batch 1024B disabled rep 3 disk=fast(0.34ms) group-batch rate=300/s payload=1024B | achieved=299.9/s (100.0%) | err=0.00% | p50=1.634ms p99=5.207ms p99.9=6.699ms max=141.259ms | leaderCPU=35.4% ELU=0.418 fsync/s=299.9 meta/s=9.7 AE/s=579.9 | genLagP99=0.046ms | STABLE
  r12.14 group-batch-pipeline 1024B disabled rep 3 disk=fast(0.372ms) group-batch-pipeline rate=300/s payload=1024B | achieved=299.9/s (100.0%) | err=0.00% | p50=1.684ms p99=3.121ms p99.9=6.223ms max=10.714ms | leaderCPU=32.7% ELU=0.439 fsync/s=300.1 meta/s=9.8 AE/s=600.1 | genLagP99=0.047ms | STABLE
  r13.0 baseline 1024B disabled rep 4 disk=fast(0.365ms) baseline rate=300/s payload=1024B | achieved=300/s (100.0%) | err=0.00% | p50=5.919ms p99=10.967ms p99.9=45.855ms max=59.08ms | leaderCPU=45.2% ELU=0.643 fsync/s=300 meta/s=216 AE/s=389.5 | genLagP99=0.048ms | STABLE
  r13.1 transport-only 1024B disabled rep 4 disk=fast(0.356ms) transport-only rate=300/s payload=1024B | achieved=299.6/s (99.9%) | err=0.00% | p50=75.263ms p99=136.831ms p99.9=208.127ms max=222.435ms | leaderCPU=15.2% ELU=1 fsync/s=300 meta/s=49.6 AE/s=49.6 | genLagP99=0.06ms | STABLE
  r13.2 group-commit 1024B disabled rep 4 disk=slow(1.717ms) group-commit rate=300/s payload=1024B | achieved=299.9/s (100.0%) | err=0.00% | p50=6.487ms p99=13.559ms p99.9=15.279ms max=18.523ms | leaderCPU=22.6% ELU=0.786 fsync/s=295.4 meta/s=9.5 AE/s=348.9 | genLagP99=0.037ms | STABLE
  r13.3 optimized-binary 1024B disabled rep 4 disk=slow(1.706ms) optimized-binary rate=300/s payload=1024B | achieved=300.1/s (100.0%) | err=0.00% | p50=3.853ms p99=10.359ms p99.9=12.271ms max=14.031ms | leaderCPU=18.3% ELU=0.638 fsync/s=295.6 meta/s=9.6 AE/s=593.3 | genLagP99=0.061ms | STABLE
  r13.4 pipeline-only 1024B disabled rep 4 disk=fast(0.376ms) pipeline-only rate=300/s payload=1024B | achieved=300/s (100.0%) | err=0.00% | p50=4.615ms p99=7.643ms p99.9=11.887ms max=14.493ms | leaderCPU=49.7% ELU=0.782 fsync/s=300 meta/s=300.1 AE/s=600.1 | genLagP99=0.056ms | STABLE
  r13.5 optimized-http 1024B disabled rep 4 disk=slow(1.705ms) optimized-http rate=300/s payload=1024B | achieved=299.9/s (100.0%) | err=0.00% | p50=6.915ms p99=13.783ms p99.9=16.495ms max=20.301ms | leaderCPU=30.4% ELU=0.889 fsync/s=286.7 meta/s=9.4 AE/s=594.2 | genLagP99=0.043ms | STABLE
  r13.6 batch-only 1024B disabled rep 4 disk=slow(1.668ms) batch-only rate=300/s payload=1024B | achieved=300.6/s (100.2%) | err=0.00% | p50=5.767ms p99=67.519ms p99.9=83.071ms max=88.88ms | leaderCPU=33.5% ELU=0.668 fsync/s=299.9 meta/s=200.3 AE/s=361.6 | genLagP99=0.035ms | STABLE
  r13.7 group-batch-pipeline 1024B disabled rep 4 disk=fast(0.347ms) group-batch-pipeline rate=300/s payload=1024B | achieved=299.9/s (100.0%) | err=0.00% | p50=1.651ms p99=11.727ms p99.9=14.663ms max=18.427ms | leaderCPU=31.5% ELU=0.54 fsync/s=296.4 meta/s=9.7 AE/s=597.9 | genLagP99=0.052ms | STABLE
  r13.8 group-batch 1024B disabled rep 4 disk=slow(1.719ms) group-batch rate=300/s payload=1024B | achieved=300.1/s (100.0%) | err=0.00% | p50=4.699ms p99=12.271ms p99.9=14.695ms max=16.243ms | leaderCPU=29.8% ELU=0.616 fsync/s=297.4 meta/s=9.6 AE/s=447.1 | genLagP99=0.04ms | STABLE
  r14.0 group-commit 1024B disabled rep 5 disk=fast(0.348ms) group-commit rate=300/s payload=1024B | achieved=300/s (100.0%) | err=0.00% | p50=1.523ms p99=5.059ms p99.9=5.883ms max=8.996ms | leaderCPU=28.5% ELU=0.383 fsync/s=299.8 meta/s=9.8 AE/s=580.9 | genLagP99=0.026ms | STABLE
  r14.1 baseline 1024B disabled rep 5 disk=fast(0.323ms) baseline rate=300/s payload=1024B | achieved=299.4/s (99.8%) | err=0.00% | p50=5.275ms p99=54.591ms p99.9=63.423ms max=68.438ms | leaderCPU=36.4% ELU=0.604 fsync/s=299.9 meta/s=217.2 AE/s=402.4 | genLagP99=0.041ms | STABLE
  r14.2 pipeline-only 1024B disabled rep 5 disk=slow(1.831ms) pipeline-only rate=300/s payload=1024B | achieved=315.3/s (105.1%) | err=0.00% | p50=1599.487ms p99=1883.135ms p99.9=1924.095ms max=1950.546ms | leaderCPU=16.5% ELU=0.998 fsync/s=306.7 meta/s=58.6 AE/s=86.8 | genLagP99=0.081ms | UNSTABLE(p99 1883.135 ms)
  r14.3 transport-only 1024B disabled rep 5 disk=fast(0.317ms) transport-only rate=300/s payload=1024B | achieved=299.9/s (100.0%) | err=0.00% | p50=47.711ms p99=74.303ms p99.9=83.519ms max=94.764ms | leaderCPU=15.2% ELU=1 fsync/s=299.9 meta/s=74.2 AE/s=74.2 | genLagP99=0.065ms | STABLE
  r14.4 batch-only 1024B disabled rep 5 disk=slow(1.671ms) batch-only rate=300/s payload=1024B | achieved=300.1/s (100.0%) | err=0.00% | p50=5.275ms p99=8.471ms p99.9=12.007ms max=19.699ms | leaderCPU=36.4% ELU=0.583 fsync/s=299.8 meta/s=224.8 AE/s=421.1 | genLagP99=0.051ms | STABLE
  r14.5 optimized-binary 1024B disabled rep 5 disk=fast(0.301ms) optimized-binary rate=300/s payload=1024B | achieved=299.9/s (100.0%) | err=0.00% | p50=6.139ms p99=13.703ms p99.9=17.439ms max=19.409ms | leaderCPU=15.3% ELU=0.86 fsync/s=284.8 meta/s=9.4 AE/s=580 | genLagP99=0.047ms | STABLE
  r14.6 group-batch 1024B disabled rep 5 disk=slow(1.763ms) group-batch rate=300/s payload=1024B | achieved=300.1/s (100.0%) | err=0.00% | p50=5.971ms p99=13.175ms p99.9=17.183ms max=18.495ms | leaderCPU=24.2% ELU=0.702 fsync/s=296.3 meta/s=9.6 AE/s=393.1 | genLagP99=0.035ms | STABLE
  r14.7 optimized-http 1024B disabled rep 5 disk=fast(0.315ms) optimized-http rate=300/s payload=1024B | achieved=300.1/s (100.0%) | err=0.00% | p50=5.807ms p99=11.671ms p99.9=17.135ms max=23.233ms | leaderCPU=28.7% ELU=0.729 fsync/s=291.6 meta/s=9.6 AE/s=595.7 | genLagP99=0.036ms | STABLE
  r14.8 group-batch-pipeline 1024B disabled rep 5 disk=fast(0.321ms) group-batch-pipeline rate=300/s payload=1024B | achieved=300/s (100.0%) | err=0.00% | p50=1.5ms p99=2.573ms p99.9=4.831ms max=8.758ms | leaderCPU=32.1% ELU=0.383 fsync/s=300.1 meta/s=9.8 AE/s=600.3 | genLagP99=0.028ms | STABLE
rung 500/s: baseline@1024B, group-commit@1024B, pipeline-only@1024B, batch-only@1024B, group-batch@1024B, group-batch-pipeline@1024B, optimized-http@1024B, optimized-binary@1024B, transport-only@1024B, baseline@64B, optimized-http@64B, optimized-binary@64B, baseline@16384B, optimized-http@16384B, optimized-binary@16384B
  r15.0 transport-only 1024B disabled rep 1 disk=fast(0.316ms) transport-only rate=500/s payload=1024B | achieved=489.1/s (97.8%) | err=0.00% | p50=5.839ms p99=441.855ms p99.9=498.175ms max=533.163ms | leaderCPU=32.6% ELU=0.779 fsync/s=497.6 meta/s=214.3 AE/s=376 | genLagP99=0.045ms | UNSTABLE(achieved 97.8% of offered; latency grew 65.63x across the window)
  r15.1 optimized-binary 1024B disabled rep 1 disk=slow(1.748ms) optimized-binary rate=500/s payload=1024B | achieved=499.9/s (100.0%) | err=0.00% | p50=8.015ms p99=14.695ms p99.9=17.215ms max=18.579ms | leaderCPU=17.4% ELU=0.999 fsync/s=298.2 meta/s=9.4 AE/s=800.9 | genLagP99=0.064ms | STABLE
  r15.2 baseline 64B disabled rep 1 disk=slow(1.728ms) baseline rate=500/s payload=64B | achieved=460.2/s (92.0%) | err=0.00% | p50=1270.783ms p99=2314.239ms p99.9=2369.535ms max=2412.769ms | leaderCPU=14.6% ELU=1 fsync/s=460 meta/s=14.8 AE/s=14.8 | genLagP99=0.04ms | UNSTABLE(achieved 92% of offered; p99 2314.239 ms; latency grew 6.83x across the window)
  r15.3 optimized-http 1024B disabled rep 1 disk=slow(1.683ms) optimized-http rate=500/s payload=1024B | achieved=500.1/s (100.0%) | err=0.00% | p50=8.863ms p99=15.223ms p99.9=18.895ms max=22.229ms | leaderCPU=33.4% ELU=1 fsync/s=288.4 meta/s=9.4 AE/s=806.4 | genLagP99=0.057ms | STABLE
  r15.4 optimized-http 64B disabled rep 1 disk=slow(1.678ms) optimized-http rate=500/s payload=64B | achieved=500.1/s (100.0%) | err=0.00% | p50=6.179ms p99=12.895ms p99.9=15.135ms max=17.687ms | leaderCPU=34.8% ELU=0.805 fsync/s=391.1 meta/s=9.6 AE/s=907.2 | genLagP99=0.048ms | STABLE
  r15.5 group-batch-pipeline 1024B disabled rep 1 disk=fast(0.309ms) group-batch-pipeline rate=500/s payload=1024B | achieved=500.1/s (100.0%) | err=0.00% | p50=1.512ms p99=3.385ms p99.9=5.495ms max=8.96ms | leaderCPU=48.6% ELU=0.614 fsync/s=498.9 meta/s=9.8 AE/s=998.2 | genLagP99=0.039ms | STABLE
  r15.6 optimized-binary 64B disabled rep 1 disk=fast(0.333ms) optimized-binary rate=500/s payload=64B | achieved=499.9/s (100.0%) | err=0.00% | p50=1.022ms p99=2.019ms p99.9=5.031ms max=11.848ms | leaderCPU=24% ELU=0.377 fsync/s=499.9 meta/s=9.8 AE/s=999.9 | genLagP99=0.023ms | STABLE
  r15.7 group-batch 1024B disabled rep 1 disk=fast(0.296ms) group-batch rate=500/s payload=1024B | achieved=499.9/s (100.0%) | err=0.00% | p50=1.554ms p99=4.883ms p99.9=7.039ms max=14.54ms | leaderCPU=45.4% ELU=0.588 fsync/s=499.4 meta/s=9.8 AE/s=903.2 | genLagP99=0.051ms | STABLE
  r15.8 baseline 16384B disabled rep 1 disk=fast(0.336ms) baseline rate=500/s payload=16384B | achieved=476.6/s (95.3%) | err=0.00% | p50=8.051ms p99=1095.679ms p99.9=1150.975ms max=1177.453ms | leaderCPU=48.1% ELU=0.927 fsync/s=484.9 meta/s=230.2 AE/s=303.6 | genLagP99=0.072ms | UNSTABLE(achieved 95.3% of offered; p99 1095.679 ms; latency grew 95.7x across the window)
  r15.9 batch-only 1024B disabled rep 1 disk=slow(1.656ms) batch-only rate=500/s payload=1024B | achieved=508.7/s (101.7%) | err=0.00% | p50=778.239ms p99=999.423ms p99.9=1025.535ms max=1038.339ms | leaderCPU=14.5% ELU=1 fsync/s=508.4 meta/s=8 AE/s=15.9 | genLagP99=0.038ms | STABLE
  r15.10 optimized-http 16384B disabled rep 1 disk=slow(1.76ms) optimized-http rate=500/s payload=16384B | achieved=499.9/s (100.0%) | err=0.00% | p50=9.647ms p99=17.647ms p99.9=21.103ms max=24.26ms | leaderCPU=43.5% ELU=1 fsync/s=260.9 meta/s=9.3 AE/s=792.3 | genLagP99=0.056ms | STABLE
  r15.11 pipeline-only 1024B disabled rep 1 disk=slow(1.698ms) pipeline-only rate=500/s payload=1024B | achieved=348.4/s (69.7%) | err=19.15% | p50=6856.703ms p99=10002.431ms p99.9=10002.431ms max=10027.681ms | leaderCPU=18.8% ELU=1 fsync/s=350.2 meta/s=53.6 AE/s=87.3 | genLagP99=0.063ms | UNSTABLE(achieved 69.7% of offered; error rate 19.15%; p99 10002.431 ms; latency grew 2.78x across the window)
  r15.12 optimized-binary 16384B disabled rep 1 disk=slow(1.781ms) optimized-binary rate=500/s payload=16384B | achieved=500.2/s (100.0%) | err=0.00% | p50=1.339ms p99=13.967ms p99.9=17.615ms max=19.748ms | leaderCPU=33% ELU=0.676 fsync/s=419.8 meta/s=9.7 AE/s=929.4 | genLagP99=0.041ms | STABLE
  r15.13 group-commit 1024B disabled rep 1 disk=fast(0.309ms) group-commit rate=500/s payload=1024B | achieved=500/s (100.0%) | err=0.00% | p50=1.417ms p99=4.419ms p99.9=6.339ms max=8.204ms | leaderCPU=44.9% ELU=0.575 fsync/s=499 meta/s=9.8 AE/s=956.4 | genLagP99=0.04ms | STABLE
  r15.14 baseline 1024B disabled rep 1 disk=fast(0.285ms) baseline rate=500/s payload=1024B | achieved=494.7/s (98.9%) | err=0.00% | p50=5.871ms p99=242.815ms p99.9=305.919ms max=335.07ms | leaderCPU=42.2% ELU=0.753 fsync/s=500 meta/s=249 AE/s=440.3 | genLagP99=0.047ms | STABLE
  r16.0 baseline 64B disabled rep 2 disk=slow(1.778ms) baseline rate=500/s payload=64B | achieved=453.6/s (90.7%) | err=0.00% | p50=1769.471ms p99=2611.199ms p99.9=2680.831ms max=2713.582ms | leaderCPU=13.9% ELU=1 fsync/s=453.6 meta/s=14.1 AE/s=14.1 | genLagP99=0.031ms | UNSTABLE(achieved 90.7% of offered; p99 2611.199 ms; latency grew 2.92x across the window)
  r16.1 transport-only 1024B disabled rep 2 disk=slow(1.622ms) transport-only rate=500/s payload=1024B | achieved=500.3/s (100.0%) | err=0.00% | p50=205.311ms p99=345.855ms p99.9=365.311ms max=371.936ms | leaderCPU=15.8% ELU=1 fsync/s=499.1 meta/s=20.4 AE/s=20.4 | genLagP99=0.027ms | STABLE
  r16.2 optimized-http 64B disabled rep 2 disk=slow(1.832ms) optimized-http rate=500/s payload=64B | achieved=500.2/s (100.0%) | err=0.00% | p50=7.495ms p99=13.431ms p99.9=15.543ms max=17.185ms | leaderCPU=33% ELU=0.829 fsync/s=366.1 meta/s=9.6 AE/s=882.5 | genLagP99=0.033ms | STABLE
  r16.3 optimized-binary 1024B disabled rep 2 disk=fast(0.294ms) optimized-binary rate=500/s payload=1024B | achieved=500/s (100.0%) | err=0.00% | p50=1.016ms p99=1.993ms p99.9=3.093ms max=7.124ms | leaderCPU=26.3% ELU=0.381 fsync/s=499.9 meta/s=9.8 AE/s=999.8 | genLagP99=0.011ms | STABLE
  r16.4 optimized-binary 64B disabled rep 2 disk=fast(0.285ms) optimized-binary rate=500/s payload=64B | achieved=500/s (100.0%) | err=0.00% | p50=1.001ms p99=2.046ms p99.9=4.171ms max=10.185ms | leaderCPU=22.7% ELU=0.379 fsync/s=499.9 meta/s=9.8 AE/s=999.7 | genLagP99=0.016ms | STABLE
  r16.5 optimized-http 1024B disabled rep 2 disk=fast(0.283ms) optimized-http rate=500/s payload=1024B | achieved=499.9/s (100.0%) | err=0.00% | p50=1.33ms p99=3.065ms p99.9=6.187ms max=12.764ms | leaderCPU=41.9% ELU=0.529 fsync/s=499.6 meta/s=9.8 AE/s=999.3 | genLagP99=0.022ms | STABLE
  r16.6 baseline 16384B disabled rep 2 disk=fast(0.296ms) baseline rate=500/s payload=16384B | achieved=482/s (96.4%) | err=0.00% | p50=7.147ms p99=959.999ms p99.9=1046.527ms max=1076.379ms | leaderCPU=50% ELU=0.869 fsync/s=488.1 meta/s=239.7 AE/s=359.1 | genLagP99=0.065ms | UNSTABLE(achieved 96.4% of offered; latency grew 72.86x across the window)
  r16.7 group-batch-pipeline 1024B disabled rep 2 disk=slow(1.898ms) group-batch-pipeline rate=500/s payload=1024B | achieved=499.9/s (100.0%) | err=0.00% | p50=9.383ms p99=16.991ms p99.9=19.231ms max=22.376ms | leaderCPU=33.1% ELU=1 fsync/s=275.1 meta/s=9.3 AE/s=797.6 | genLagP99=0.039ms | STABLE
  r16.8 optimized-http 16384B disabled rep 2 disk=slow(1.964ms) optimized-http rate=500/s payload=16384B | achieved=500.3/s (100.1%) | err=0.00% | p50=7.799ms p99=16.431ms p99.9=19.311ms max=21.906ms | leaderCPU=43.3% ELU=0.836 fsync/s=363.7 meta/s=9.6 AE/s=887.1 | genLagP99=0.024ms | STABLE
  r16.9 group-batch 1024B disabled rep 2 disk=fast(0.32ms) group-batch rate=500/s payload=1024B | achieved=500/s (100.0%) | err=0.00% | p50=1.458ms p99=3.949ms p99.9=6.283ms max=10.289ms | leaderCPU=47.9% ELU=0.578 fsync/s=499.2 meta/s=9.8 AE/s=930.1 | genLagP99=0.023ms | STABLE
  r16.10 optimized-binary 16384B disabled rep 2 disk=fast(0.308ms) optimized-binary rate=500/s payload=16384B | achieved=499.7/s (99.9%) | err=0.00% | p50=8.155ms p99=20.495ms p99.9=32.991ms max=41.881ms | leaderCPU=29.5% ELU=0.906 fsync/s=316.6 meta/s=9.5 AE/s=816 | genLagP99=0.046ms | STABLE
  r16.11 batch-only 1024B disabled rep 2 disk=slow(1.801ms) batch-only rate=500/s payload=1024B | achieved=499.8/s (100.0%) | err=0.00% | p50=128.383ms p99=503.039ms p99.9=534.527ms max=550.1ms | leaderCPU=17.8% ELU=1 fsync/s=499.8 meta/s=13.2 AE/s=26.3 | genLagP99=0.015ms | STABLE
  r16.12 baseline 1024B disabled rep 2 disk=slow(1.924ms) baseline rate=500/s payload=1024B | achieved=499.9/s (100.0%) | err=0.00% | p50=180.991ms p99=319.999ms p99.9=334.079ms max=341.934ms | leaderCPU=25.8% ELU=0.935 fsync/s=499.7 meta/s=105.8 AE/s=162.6 | genLagP99=0.028ms | STABLE
  r16.13 pipeline-only 1024B disabled rep 2 disk=slow(1.607ms) pipeline-only rate=500/s payload=1024B | achieved=478.2/s (95.6%) | err=0.00% | p50=2646.015ms p99=4685.823ms p99.9=4734.975ms max=4743.585ms | leaderCPU=28.3% ELU=1 fsync/s=482.2 meta/s=132.7 AE/s=165.2 | genLagP99=0.052ms | UNSTABLE(achieved 95.6% of offered; p99 4685.823 ms)
  r16.14 group-commit 1024B disabled rep 2 disk=slow(1.67ms) group-commit rate=500/s payload=1024B | achieved=500.1/s (100.0%) | err=0.00% | p50=1.432ms p99=12.711ms p99.9=15.463ms max=17.86ms | leaderCPU=40.9% ELU=0.708 fsync/s=448.4 meta/s=9.7 AE/s=769.4 | genLagP99=0.021ms | STABLE
  r17.0 optimized-http 64B disabled rep 3 disk=fast(0.285ms) optimized-http rate=500/s payload=64B | achieved=499.9/s (100.0%) | err=0.00% | p50=7.735ms p99=15.935ms p99.9=20.047ms max=22.843ms | leaderCPU=33.4% ELU=0.877 fsync/s=360.4 meta/s=9.6 AE/s=862 | genLagP99=0.036ms | STABLE
  r17.1 baseline 64B disabled rep 3 disk=slow(1.618ms) baseline rate=500/s payload=64B | achieved=497.3/s (99.5%) | err=0.00% | p50=6.839ms p99=289.791ms p99.9=309.759ms max=319.402ms | leaderCPU=36.2% ELU=0.854 fsync/s=498.1 meta/s=186.8 AE/s=315.9 | genLagP99=0.025ms | UNSTABLE(latency grew 34.31x across the window)
  r17.2 optimized-binary 64B disabled rep 3 disk=slow(1.6ms) optimized-binary rate=500/s payload=64B | achieved=499.9/s (100.0%) | err=0.00% | p50=7.155ms p99=13.935ms p99.9=18.015ms max=25.418ms | leaderCPU=19.9% ELU=0.874 fsync/s=346.7 meta/s=9.5 AE/s=850.7 | genLagP99=0.037ms | STABLE
  r17.3 transport-only 1024B disabled rep 3 disk=slow(1.732ms) transport-only rate=500/s payload=1024B | achieved=508.4/s (101.7%) | err=0.00% | p50=408.319ms p99=575.487ms p99.9=618.495ms max=639.712ms | leaderCPU=16% ELU=1 fsync/s=505.1 meta/s=16.4 AE/s=16.4 | genLagP99=0.019ms | STABLE
  r17.4 baseline 16384B disabled rep 3 disk=slow(1.682ms) baseline rate=500/s payload=16384B | achieved=527.9/s (105.6%) | err=0.00% | p50=1927.167ms p99=2844.671ms p99.9=2910.207ms max=2927.179ms | leaderCPU=30.2% ELU=0.99 fsync/s=521.7 meta/s=28.4 AE/s=44.6 | genLagP99=0.029ms | UNSTABLE(p99 2844.671 ms)
  r17.5 optimized-binary 1024B disabled rep 3 disk=fast(0.294ms) optimized-binary rate=500/s payload=1024B | achieved=499.9/s (100.0%) | err=0.00% | p50=1.015ms p99=1.891ms p99.9=4.851ms max=10.23ms | leaderCPU=23.4% ELU=0.381 fsync/s=499.6 meta/s=9.8 AE/s=999.3 | genLagP99=0.01ms | STABLE
  r17.6 optimized-http 16384B disabled rep 3 disk=fast(0.291ms) optimized-http rate=500/s payload=16384B | achieved=499.9/s (100.0%) | err=0.00% | p50=1.522ms p99=4.295ms p99.9=8.155ms max=11.29ms | leaderCPU=57.1% ELU=0.664 fsync/s=498.4 meta/s=9.8 AE/s=996.8 | genLagP99=0.012ms | STABLE
  r17.7 optimized-http 1024B disabled rep 3 disk=fast(0.299ms) optimized-http rate=500/s payload=1024B | achieved=500/s (100.0%) | err=0.00% | p50=1.328ms p99=3.017ms p99.9=5.143ms max=8.895ms | leaderCPU=42.1% ELU=0.525 fsync/s=499.4 meta/s=9.8 AE/s=998.8 | genLagP99=0.014ms | STABLE
  r17.8 optimized-binary 16384B disabled rep 3 disk=fast(0.285ms) optimized-binary rate=500/s payload=16384B | achieved=499.9/s (100.0%) | err=0.00% | p50=1.185ms p99=3.535ms p99.9=6.731ms max=12.964ms | leaderCPU=34.1% ELU=0.452 fsync/s=498.3 meta/s=9.8 AE/s=996.9 | genLagP99=0.016ms | STABLE
  r17.9 group-batch-pipeline 1024B disabled rep 3 disk=fast(0.288ms) group-batch-pipeline rate=500/s payload=1024B | achieved=499.8/s (100.0%) | err=0.00% | p50=8.171ms p99=14.767ms p99.9=17.039ms max=18.391ms | leaderCPU=36.2% ELU=0.885 fsync/s=351.3 meta/s=9.6 AE/s=855.9 | genLagP99=0.029ms | STABLE
  r17.10 baseline 1024B disabled rep 3 disk=slow(1.698ms) baseline rate=500/s payload=1024B | achieved=504.8/s (101.0%) | err=0.00% | p50=5.943ms p99=207.103ms p99.9=253.055ms max=264.705ms | leaderCPU=45.7% ELU=0.766 fsync/s=498.1 meta/s=276.6 AE/s=475.8 | genLagP99=0.032ms | STABLE
  r17.11 group-batch 1024B disabled rep 3 disk=fast(0.285ms) group-batch rate=500/s payload=1024B | achieved=500.1/s (100.0%) | err=0.00% | p50=8.671ms p99=15.463ms p99.9=18.591ms max=20.137ms | leaderCPU=25.2% ELU=0.999 fsync/s=322.1 meta/s=9.5 AE/s=327.4 | genLagP99=0.037ms | STABLE
  r17.12 group-commit 1024B disabled rep 3 disk=slow(1.681ms) group-commit rate=500/s payload=1024B | achieved=500.1/s (100.0%) | err=0.00% | p50=8.159ms p99=14.911ms p99.9=17.775ms max=20.369ms | leaderCPU=25.9% ELU=0.951 fsync/s=342.4 meta/s=9.6 AE/s=393.1 | genLagP99=0.045ms | STABLE
  r17.13 batch-only 1024B disabled rep 3 disk=fast(0.294ms) batch-only rate=500/s payload=1024B | achieved=503.2/s (100.6%) | err=0.00% | p50=101.183ms p99=224.767ms p99.9=243.583ms max=252.005ms | leaderCPU=17.7% ELU=1 fsync/s=499.3 meta/s=16.6 AE/s=33.2 | genLagP99=0.03ms | STABLE
  r17.14 pipeline-only 1024B disabled rep 3 disk=slow(1.614ms) pipeline-only rate=500/s payload=1024B | achieved=523.6/s (104.7%) | err=0.00% | p50=4448.255ms p99=7000.063ms p99.9=7110.655ms max=7134.515ms | leaderCPU=23.2% ELU=1 fsync/s=525.7 meta/s=84.8 AE/s=130.6 | genLagP99=0.037ms | UNSTABLE(p99 7000.063 ms)
  r18.0 baseline 1024B disabled rep 4 disk=fast(0.298ms) baseline rate=500/s payload=1024B | achieved=489.9/s (98.0%) | err=0.00% | p50=6.547ms p99=436.991ms p99.9=479.487ms max=517.244ms | leaderCPU=38.2% ELU=0.858 fsync/s=496.3 meta/s=224.6 AE/s=357.2 | genLagP99=0.054ms | UNSTABLE(achieved 98% of offered; latency grew 60.56x across the window)
  r18.1 group-commit 1024B disabled rep 4 disk=slow(1.67ms) group-commit rate=500/s payload=1024B | achieved=500/s (100.0%) | err=0.00% | p50=8.415ms p99=15.367ms p99.9=18.447ms max=22.437ms | leaderCPU=26% ELU=0.999 fsync/s=319.8 meta/s=9.4 AE/s=322.9 | genLagP99=0.039ms | STABLE
  r18.2 transport-only 1024B disabled rep 4 disk=slow(1.633ms) transport-only rate=500/s payload=1024B | achieved=491.2/s (98.2%) | err=0.00% | p50=5.671ms p99=375.295ms p99.9=396.799ms max=402.848ms | leaderCPU=32.7% ELU=0.715 fsync/s=499.9 meta/s=230.7 AE/s=420.2 | genLagP99=0.028ms | UNSTABLE(latency grew 56.62x across the window)
  r18.3 pipeline-only 1024B disabled rep 4 disk=slow(1.814ms) pipeline-only rate=500/s payload=1024B | achieved=312.6/s (62.5%) | err=42.46% | p50=6791.167ms p99=10002.431ms p99.9=10010.623ms max=10026.841ms | leaderCPU=16.5% ELU=1 fsync/s=309.8 meta/s=54.9 AE/s=77.5 | genLagP99=0.05ms | UNSTABLE(achieved 62.5% of offered; error rate 42.46%; p99 10002.431 ms)
  r18.4 optimized-binary 1024B disabled rep 4 disk=slow(1.626ms) optimized-binary rate=500/s payload=1024B | achieved=500/s (100.0%) | err=0.00% | p50=8.151ms p99=14.583ms p99.9=17.055ms max=19.115ms | leaderCPU=16.3% ELU=1 fsync/s=294.2 meta/s=9.4 AE/s=811.9 | genLagP99=0.035ms | STABLE
  r18.5 batch-only 1024B disabled rep 4 disk=slow(1.79ms) batch-only rate=500/s payload=1024B | achieved=505.3/s (101.1%) | err=0.00% | p50=101.759ms p99=218.495ms p99.9=263.167ms max=274.588ms | leaderCPU=20.8% ELU=0.972 fsync/s=499.8 meta/s=48.9 AE/s=85 | genLagP99=0.03ms | STABLE
  r18.6 optimized-http 1024B disabled rep 4 disk=fast(0.288ms) optimized-http rate=500/s payload=1024B | achieved=499.8/s (100.0%) | err=0.00% | p50=1.327ms p99=3.065ms p99.9=5.707ms max=11.724ms | leaderCPU=45.1% ELU=0.563 fsync/s=499.4 meta/s=9.8 AE/s=998.9 | genLagP99=0.024ms | STABLE
  r18.7 group-batch 1024B disabled rep 4 disk=fast(0.293ms) group-batch rate=500/s payload=1024B | achieved=500/s (100.0%) | err=0.00% | p50=1.358ms p99=3.535ms p99.9=6.175ms max=10.121ms | leaderCPU=44% ELU=0.584 fsync/s=499.5 meta/s=9.8 AE/s=970.4 | genLagP99=0.024ms | STABLE
  r18.8 group-batch-pipeline 1024B disabled rep 4 disk=fast(0.288ms) group-batch-pipeline rate=500/s payload=1024B | achieved=499.9/s (100.0%) | err=0.00% | p50=1.373ms p99=3.257ms p99.9=6.195ms max=10.615ms | leaderCPU=42.3% ELU=0.548 fsync/s=499.4 meta/s=9.8 AE/s=998.9 | genLagP99=0.01ms | STABLE
  r19.0 group-commit 1024B disabled rep 5 disk=fast(0.296ms) group-commit rate=500/s payload=1024B | achieved=499.9/s (100.0%) | err=0.00% | p50=1.356ms p99=3.603ms p99.9=7.571ms max=47.545ms | leaderCPU=45.2% ELU=0.568 fsync/s=499.1 meta/s=9.8 AE/s=965.9 | genLagP99=0.019ms | STABLE
  r19.1 pipeline-only 1024B disabled rep 5 disk=fast(0.296ms) pipeline-only rate=500/s payload=1024B | achieved=445.8/s (89.2%) | err=0.00% | p50=68.287ms p99=4354.047ms p99.9=4440.063ms max=4452.488ms | leaderCPU=45.9% ELU=1 fsync/s=453.1 meta/s=364.1 AE/s=378.4 | genLagP99=0.036ms | UNSTABLE(achieved 89.2% of offered; p99 4354.047 ms; latency grew 36.72x across the window)
  r19.2 baseline 1024B disabled rep 5 disk=slow(1.716ms) baseline rate=500/s payload=1024B | achieved=518.8/s (103.8%) | err=0.00% | p50=982.527ms p99=1854.463ms p99.9=1902.591ms max=1920.187ms | leaderCPU=29.1% ELU=0.923 fsync/s=511.9 meta/s=122.3 AE/s=191.6 | genLagP99=0.035ms | UNSTABLE(p99 1854.463 ms)
  r19.3 batch-only 1024B disabled rep 5 disk=fast(0.295ms) batch-only rate=500/s payload=1024B | achieved=493.3/s (98.7%) | err=0.00% | p50=6.335ms p99=254.975ms p99.9=283.903ms max=291.766ms | leaderCPU=43.7% ELU=0.816 fsync/s=499.9 meta/s=260.5 AE/s=419.1 | genLagP99=0.056ms | UNSTABLE(latency grew 19.87x across the window)
  r19.4 transport-only 1024B disabled rep 5 disk=slow(1.769ms) transport-only rate=500/s payload=1024B | achieved=458/s (91.6%) | err=0.00% | p50=2007.039ms p99=2578.431ms p99.9=2654.207ms max=2710.405ms | leaderCPU=16.1% ELU=1 fsync/s=458.6 meta/s=14.3 AE/s=14.3 | genLagP99=0.041ms | UNSTABLE(achieved 91.6% of offered; p99 2578.431 ms; latency grew 2.23x across the window)
  r19.5 group-batch 1024B disabled rep 5 disk=slow(1.866ms) group-batch rate=500/s payload=1024B | achieved=500.3/s (100.0%) | err=0.00% | p50=7.651ms p99=13.887ms p99.9=17.711ms max=19.871ms | leaderCPU=28% ELU=0.937 fsync/s=367.9 meta/s=9.6 AE/s=440.9 | genLagP99=0.03ms | STABLE
  r19.6 optimized-binary 1024B disabled rep 5 disk=fast(0.29ms) optimized-binary rate=500/s payload=1024B | achieved=500/s (100.0%) | err=0.00% | p50=1.042ms p99=1.963ms p99.9=4.227ms max=8.221ms | leaderCPU=26.2% ELU=0.403 fsync/s=499.4 meta/s=9.8 AE/s=998.9 | genLagP99=0.023ms | STABLE
  r19.7 group-batch-pipeline 1024B disabled rep 5 disk=fast(0.298ms) group-batch-pipeline rate=500/s payload=1024B | achieved=500/s (100.0%) | err=0.00% | p50=1.413ms p99=3.289ms p99.9=7.147ms max=11.066ms | leaderCPU=44.8% ELU=0.572 fsync/s=498.8 meta/s=9.8 AE/s=997.8 | genLagP99=0.016ms | STABLE
  r19.8 optimized-http 1024B disabled rep 5 disk=fast(0.288ms) optimized-http rate=500/s payload=1024B | achieved=499.9/s (100.0%) | err=0.00% | p50=1.43ms p99=3.589ms p99.9=7.791ms max=11ms | leaderCPU=50.7% ELU=0.642 fsync/s=499 meta/s=9.8 AE/s=998.3 | genLagP99=0.038ms | STABLE
  pipeline-only@1024B stops at 500/s (streak=2, mean achieved ratio=0.843)
rung 750/s: baseline@1024B, group-commit@1024B, batch-only@1024B, group-batch@1024B, group-batch-pipeline@1024B, optimized-http@1024B, optimized-binary@1024B, transport-only@1024B, baseline@64B, optimized-http@64B, optimized-binary@64B, baseline@16384B, optimized-http@16384B, optimized-binary@16384B
  r20.0 optimized-binary 1024B disabled rep 1 disk=fast(0.287ms) optimized-binary rate=750/s payload=1024B | achieved=750/s (100.0%) | err=0.00% | p50=0.984ms p99=2.059ms p99.9=6.079ms max=8.718ms | leaderCPU=32.9% ELU=0.54 fsync/s=748.4 meta/s=9.9 AE/s=1497 | genLagP99=0.023ms | STABLE
  r20.1 transport-only 1024B disabled rep 1 disk=fast(0.29ms) transport-only rate=750/s payload=1024B | achieved=535.6/s (71.4%) | err=8.87% | p50=4890.623ms p99=10002.431ms p99.9=10002.431ms max=10027.342ms | leaderCPU=19.1% ELU=1 fsync/s=532.2 meta/s=10.1 AE/s=16.6 | genLagP99=0.021ms | UNSTABLE(achieved 71.4% of offered; error rate 8.87%; p99 10002.431 ms; latency grew 4.73x across the window)
  r20.2 optimized-http 1024B disabled rep 1 disk=slow(1.617ms) optimized-http rate=750/s payload=1024B | achieved=750/s (100.0%) | err=0.00% | p50=1.488ms p99=15.047ms p99.9=18.895ms max=22.971ms | leaderCPU=50.3% ELU=0.863 fsync/s=554.7 meta/s=9.7 AE/s=1249.7 | genLagP99=0.011ms | STABLE
  r20.3 baseline 64B disabled rep 1 disk=fast(0.296ms) baseline rate=750/s payload=64B | achieved=568.3/s (75.8%) | err=0.00% | p50=3317.759ms p99=8224.767ms p99.9=8323.071ms max=8348.786ms | leaderCPU=17.2% ELU=0.998 fsync/s=574.3 meta/s=27.4 AE/s=39.9 | genLagP99=0.031ms | UNSTABLE(achieved 75.8% of offered; p99 8224.767 ms; latency grew 14.08x across the window)
  r20.4 group-batch-pipeline 1024B disabled rep 1 disk=slow(1.745ms) group-batch-pipeline rate=750/s payload=1024B | achieved=749.9/s (100.0%) | err=0.00% | p50=7.663ms p99=15.063ms p99.9=18.751ms max=22.585ms | leaderCPU=45.9% ELU=0.913 fsync/s=476.3 meta/s=9.6 AE/s=1161.8 | genLagP99=0.018ms | STABLE
  r20.5 optimized-http 64B disabled rep 1 disk=fast(0.288ms) optimized-http rate=750/s payload=64B | achieved=750/s (100.0%) | err=0.00% | p50=1.286ms p99=3.019ms p99.9=7.219ms max=9.99ms | leaderCPU=54.3% ELU=0.771 fsync/s=746.7 meta/s=9.8 AE/s=1494.8 | genLagP99=0.019ms | STABLE
  r20.6 group-batch 1024B disabled rep 1 disk=fast(0.289ms) group-batch rate=750/s payload=1024B | achieved=749.7/s (100.0%) | err=0.00% | p50=8.199ms p99=14.751ms p99.9=16.911ms max=18.634ms | leaderCPU=30.8% ELU=0.973 fsync/s=377.4 meta/s=9.6 AE/s=441 | genLagP99=0.033ms | STABLE
  r20.7 optimized-binary 64B disabled rep 1 disk=slow(1.623ms) optimized-binary rate=750/s payload=64B | achieved=749.9/s (100.0%) | err=0.00% | p50=5.683ms p99=14.543ms p99.9=18.031ms max=21.95ms | leaderCPU=23.4% ELU=0.826 fsync/s=467.6 meta/s=9.6 AE/s=1104.7 | genLagP99=0.028ms | STABLE
  r20.8 batch-only 1024B disabled rep 1 disk=slow(1.616ms) batch-only rate=750/s payload=1024B | achieved=807.9/s (107.7%) | err=0.00% | p50=8.839ms p99=2148.351ms p99.9=2256.895ms max=2275.772ms | leaderCPU=47.3% ELU=1 fsync/s=801.8 meta/s=315.1 AE/s=318.9 | genLagP99=0.022ms | UNSTABLE(p99 2148.351 ms)
  r20.9 baseline 16384B disabled rep 1 disk=fast(0.303ms) baseline rate=750/s payload=16384B | achieved=411.9/s (54.9%) | err=46.63% | p50=5898.239ms p99=10002.431ms p99.9=10002.431ms max=10013.848ms | leaderCPU=22.5% ELU=1 fsync/s=417.9 meta/s=13 AE/s=13.1 | genLagP99=0.043ms | UNSTABLE(achieved 54.9% of offered; error rate 46.63%; p99 10002.431 ms)
  r20.10 group-commit 1024B disabled rep 1 disk=slow(2.055ms) group-commit rate=750/s payload=1024B | achieved=750.2/s (100.0%) | err=0.00% | p50=7.971ms p99=14.775ms p99.9=19.055ms max=23.614ms | leaderCPU=31.6% ELU=0.927 fsync/s=429.3 meta/s=9.6 AE/s=518.8 | genLagP99=0.018ms | STABLE
  r20.11 optimized-http 16384B disabled rep 1 disk=fast(0.293ms) optimized-http rate=750/s payload=16384B | achieved=750/s (100.0%) | err=0.00% | p50=2.159ms p99=6.023ms p99.9=9.087ms max=10.764ms | leaderCPU=72.2% ELU=0.873 fsync/s=726.6 meta/s=9.8 AE/s=1468.5 | genLagP99=0.017ms | STABLE
  r20.12 baseline 1024B disabled rep 1 disk=slow(1.657ms) baseline rate=750/s payload=1024B | achieved=486.4/s (64.9%) | err=34.61% | p50=6610.943ms p99=10002.431ms p99.9=10002.431ms max=10020.601ms | leaderCPU=15.5% ELU=1 fsync/s=486.4 meta/s=7.6 AE/s=15.2 | genLagP99=0.022ms | UNSTABLE(achieved 64.9% of offered; error rate 34.61%; p99 10002.431 ms)
  r20.13 optimized-binary 16384B disabled rep 1 disk=slow(1.676ms) optimized-binary rate=750/s payload=16384B | achieved=750/s (100.0%) | err=0.00% | p50=1.122ms p99=4.491ms p99.9=8.115ms max=10.055ms | leaderCPU=44.2% ELU=0.646 fsync/s=742.5 meta/s=9.8 AE/s=1486.2 | genLagP99=0.025ms | STABLE
  r21.0 transport-only 1024B disabled rep 2 disk=fast(0.295ms) transport-only rate=750/s payload=1024B | achieved=486.4/s (64.9%) | err=13.00% | p50=6189.055ms p99=10002.431ms p99.9=10002.431ms max=10019.666ms | leaderCPU=14.6% ELU=1 fsync/s=488.9 meta/s=7.6 AE/s=15.3 | genLagP99=0.027ms | UNSTABLE(achieved 64.9% of offered; error rate 13%; p99 10002.431 ms; latency grew 5.98x across the window)
  r21.1 baseline 64B disabled rep 2 disk=slow(1.778ms) baseline rate=750/s payload=64B | achieved=811/s (108.1%) | err=0.00% | p50=2603.007ms p99=4620.287ms p99.9=4685.823ms max=4697.91ms | leaderCPU=28.7% ELU=0.988 fsync/s=804.8 meta/s=83.8 AE/s=113.2 | genLagP99=0.027ms | UNSTABLE(p99 4620.287 ms)
  r21.2 optimized-binary 1024B disabled rep 2 disk=fast(0.292ms) optimized-binary rate=750/s payload=1024B | achieved=750/s (100.0%) | err=0.00% | p50=0.976ms p99=2.219ms p99.9=5.031ms max=8.331ms | leaderCPU=34% ELU=0.552 fsync/s=749 meta/s=9.8 AE/s=1498.3 | genLagP99=0.019ms | STABLE
  r21.3 optimized-http 64B disabled rep 2 disk=fast(0.307ms) optimized-http rate=750/s payload=64B | achieved=750/s (100.0%) | err=0.00% | p50=8.175ms p99=14.671ms p99.9=17.871ms max=21.147ms | leaderCPU=30.1% ELU=0.987 fsync/s=304.1 meta/s=9.4 AE/s=735.3 | genLagP99=0.023ms | STABLE
  r21.4 optimized-http 1024B disabled rep 2 disk=slow(1.628ms) optimized-http rate=750/s payload=1024B | achieved=750.3/s (100.0%) | err=0.00% | p50=8.311ms p99=15.367ms p99.9=17.567ms max=19.869ms | leaderCPU=42.3% ELU=0.926 fsync/s=431.4 meta/s=9.6 AE/s=1095.9 | genLagP99=0.021ms | STABLE
  r21.5 optimized-binary 64B disabled rep 2 disk=fast(0.286ms) optimized-binary rate=750/s payload=64B | achieved=749.6/s (99.9%) | err=0.00% | p50=0.977ms p99=2.018ms p99.9=6.587ms max=13.223ms | leaderCPU=31.6% ELU=0.548 fsync/s=749.1 meta/s=9.8 AE/s=1498.3 | genLagP99=0.024ms | STABLE
  r21.6 group-batch-pipeline 1024B disabled rep 2 disk=fast(0.306ms) group-batch-pipeline rate=750/s payload=1024B | achieved=749.9/s (100.0%) | err=0.00% | p50=10.959ms p99=18.367ms p99.9=20.879ms max=23.778ms | leaderCPU=44% ELU=1 fsync/s=232.6 meta/s=9.3 AE/s=856.2 | genLagP99=0.067ms | STABLE
  r21.7 baseline 16384B disabled rep 2 disk=slow(1.89ms) baseline rate=750/s payload=16384B | achieved=700.9/s (93.4%) | err=0.00% | p50=5615.615ms p99=8142.847ms p99.9=8220.671ms max=8237.55ms | leaderCPU=40.3% ELU=1 fsync/s=704 meta/s=11 AE/s=22 | genLagP99=0.064ms | UNSTABLE(achieved 93.4% of offered; p99 8142.847 ms)
  r21.8 group-batch 1024B disabled rep 2 disk=fast(0.298ms) group-batch rate=750/s payload=1024B | achieved=749.9/s (100.0%) | err=0.00% | p50=1.552ms p99=13.615ms p99.9=17.135ms max=19.146ms | leaderCPU=54.3% ELU=0.814 fsync/s=672.6 meta/s=9.8 AE/s=1005.8 | genLagP99=0.041ms | STABLE
  r21.9 optimized-http 16384B disabled rep 2 disk=slow(1.842ms) optimized-http rate=750/s payload=16384B | achieved=750/s (100.0%) | err=0.00% | p50=12.303ms p99=20.383ms p99.9=22.799ms max=25.425ms | leaderCPU=52.4% ELU=1 fsync/s=201.7 meta/s=9.3 AE/s=812.8 | genLagP99=0.042ms | STABLE
  r21.10 batch-only 1024B disabled rep 2 disk=slow(1.823ms) batch-only rate=750/s payload=1024B | achieved=809.8/s (108.0%) | err=0.00% | p50=2793.471ms p99=5029.887ms p99.9=5091.327ms max=5107.988ms | leaderCPU=30.4% ELU=1 fsync/s=803.5 meta/s=87.9 AE/s=98 | genLagP99=0.05ms | UNSTABLE(p99 5029.887 ms)
  r21.11 optimized-binary 16384B disabled rep 2 disk=fast(0.293ms) optimized-binary rate=750/s payload=16384B | achieved=749.5/s (99.9%) | err=0.00% | p50=1.167ms p99=5.119ms p99.9=13.399ms max=22.274ms | leaderCPU=45.3% ELU=0.66 fsync/s=740.8 meta/s=9.8 AE/s=1483 | genLagP99=0.036ms | STABLE
  r21.12 group-commit 1024B disabled rep 2 disk=fast(0.294ms) group-commit rate=750/s payload=1024B | achieved=749.8/s (100.0%) | err=0.00% | p50=9.055ms p99=15.527ms p99.9=18.191ms max=20.439ms | leaderCPU=28.9% ELU=1 fsync/s=306.9 meta/s=9.5 AE/s=319.1 | genLagP99=0.037ms | STABLE
  r21.13 baseline 1024B disabled rep 2 disk=slow(1.851ms) baseline rate=750/s payload=1024B | achieved=684.8/s (91.3%) | err=0.00% | p50=5046.271ms p99=6819.839ms p99.9=6885.375ms max=6894.757ms | leaderCPU=20.3% ELU=1 fsync/s=684.8 meta/s=10.7 AE/s=21.4 | genLagP99=0.031ms | UNSTABLE(achieved 91.3% of offered; p99 6819.839 ms)
  r22.0 baseline 64B disabled rep 3 disk=slow(1.621ms) baseline rate=750/s payload=64B | achieved=563.2/s (75.1%) | err=0.00% | p50=5140.479ms p99=9486.335ms p99.9=9551.871ms max=9565.883ms | leaderCPU=18% ELU=1 fsync/s=563.2 meta/s=8.8 AE/s=17.6 | genLagP99=0.028ms | UNSTABLE(achieved 75.1% of offered; p99 9486.335 ms; latency grew 3.42x across the window)
  r22.1 optimized-http 64B disabled rep 3 disk=slow(1.627ms) optimized-http rate=750/s payload=64B | achieved=750/s (100.0%) | err=0.00% | p50=1.325ms p99=3.029ms p99.9=5.147ms max=8.034ms | leaderCPU=57.9% ELU=0.782 fsync/s=746.7 meta/s=9.8 AE/s=1493.7 | genLagP99=0.024ms | STABLE
  r22.2 transport-only 1024B disabled rep 3 disk=fast(0.29ms) transport-only rate=750/s payload=1024B | achieved=646.1/s (86.1%) | err=0.00% | p50=8.303ms p99=5468.159ms p99.9=5570.559ms max=5600.094ms | leaderCPU=34.8% ELU=0.972 fsync/s=652.4 meta/s=238.3 AE/s=287.7 | genLagP99=0.048ms | UNSTABLE(achieved 86.1% of offered; p99 5468.159 ms; latency grew 494.89x across the window)
  r22.3 optimized-binary 64B disabled rep 3 disk=slow(1.876ms) optimized-binary rate=750/s payload=64B | achieved=750/s (100.0%) | err=0.00% | p50=8.767ms p99=16.119ms p99.9=18.943ms max=23.171ms | leaderCPU=18.5% ELU=1 fsync/s=275.6 meta/s=9.3 AE/s=844.7 | genLagP99=0.032ms | STABLE
  r22.4 optimized-binary 1024B disabled rep 3 disk=slow(1.737ms) optimized-binary rate=750/s payload=1024B | achieved=750.4/s (100.1%) | err=0.00% | p50=1.048ms p99=14.127ms p99.9=20.527ms max=25.789ms | leaderCPU=31.5% ELU=0.68 fsync/s=622 meta/s=9.8 AE/s=1330.9 | genLagP99=0.025ms | STABLE
  r22.5 baseline 16384B disabled rep 3 disk=fast(0.294ms) baseline rate=750/s payload=16384B | achieved=691.4/s (92.2%) | err=0.00% | p50=12.359ms p99=3303.423ms p99.9=3418.111ms max=3447.759ms | leaderCPU=51.8% ELU=1 fsync/s=699.2 meta/s=226.7 AE/s=226.8 | genLagP99=0.052ms | UNSTABLE(achieved 92.2% of offered; p99 3303.423 ms; latency grew 106.91x across the window)
  r22.6 optimized-http 1024B disabled rep 3 disk=slow(2.02ms) optimized-http rate=750/s payload=1024B | achieved=750/s (100.0%) | err=0.00% | p50=8.163ms p99=16.463ms p99.9=32.335ms max=42.096ms | leaderCPU=46.3% ELU=0.926 fsync/s=450.3 meta/s=9.5 AE/s=1108.8 | genLagP99=0.034ms | STABLE
  r22.7 optimized-http 16384B disabled rep 3 disk=slow(1.668ms) optimized-http rate=750/s payload=16384B | achieved=750.5/s (100.1%) | err=0.00% | p50=11.231ms p99=21.151ms p99.9=26.799ms max=31.754ms | leaderCPU=57% ELU=0.969 fsync/s=344.7 meta/s=9.4 AE/s=981.8 | genLagP99=0.032ms | STABLE
  r22.8 group-batch-pipeline 1024B disabled rep 3 disk=fast(0.284ms) group-batch-pipeline rate=750/s payload=1024B | achieved=750/s (100.0%) | err=0.00% | p50=1.437ms p99=3.999ms p99.9=7.131ms max=9.834ms | leaderCPU=61.3% ELU=0.829 fsync/s=742.6 meta/s=9.8 AE/s=1488 | genLagP99=0.04ms | STABLE
  r22.9 optimized-binary 16384B disabled rep 3 disk=fast(0.297ms) optimized-binary rate=750/s payload=16384B | achieved=749.9/s (100.0%) | err=0.00% | p50=9.023ms p99=17.023ms p99.9=20.095ms max=22.817ms | leaderCPU=29.9% ELU=1 fsync/s=271.7 meta/s=9.3 AE/s=860 | genLagP99=0.03ms | STABLE
  r22.10 group-batch 1024B disabled rep 3 disk=slow(1.853ms) group-batch rate=750/s payload=1024B | achieved=750.2/s (100.0%) | err=0.00% | p50=8.143ms p99=15.767ms p99.9=18.319ms max=177.29ms | leaderCPU=35.4% ELU=0.936 fsync/s=434.4 meta/s=9.6 AE/s=575.9 | genLagP99=0.031ms | STABLE
  r22.11 baseline 1024B disabled rep 3 disk=fast(0.296ms) baseline rate=750/s payload=1024B | achieved=669.3/s (89.2%) | err=0.00% | p50=9.959ms p99=3833.855ms p99.9=3899.391ms max=3915.348ms | leaderCPU=42.1% ELU=0.998 fsync/s=675.1 meta/s=249.4 AE/s=255.6 | genLagP99=0.045ms | UNSTABLE(achieved 89.2% of offered; p99 3833.855 ms; latency grew 252.71x across the window)
  r22.12 batch-only 1024B disabled rep 3 disk=slow(1.946ms) batch-only rate=750/s payload=1024B | achieved=804/s (107.2%) | err=0.00% | p50=3665.919ms p99=6373.375ms p99.9=6455.295ms max=6471.559ms | leaderCPU=23.1% ELU=1 fsync/s=804 meta/s=35.1 AE/s=47 | genLagP99=0.033ms | UNSTABLE(p99 6373.375 ms)
  r22.13 group-commit 1024B disabled rep 3 disk=slow(1.662ms) group-commit rate=750/s payload=1024B | achieved=749.8/s (100.0%) | err=0.00% | p50=8.575ms p99=15.287ms p99.9=17.839ms max=23.821ms | leaderCPU=32.5% ELU=0.978 fsync/s=356.3 meta/s=9.5 AE/s=402.8 | genLagP99=0.029ms | STABLE
  r23.0 transport-only 1024B disabled rep 4 disk=fast(0.312ms) transport-only rate=750/s payload=1024B | achieved=508.3/s (67.8%) | err=2.18% | p50=5312.511ms p99=10002.431ms p99.9=10002.431ms max=10027.829ms | leaderCPU=18.9% ELU=1 fsync/s=508.3 meta/s=15.8 AE/s=15.8 | genLagP99=0.051ms | UNSTABLE(achieved 67.8% of offered; error rate 2.18%; p99 10002.431 ms; latency grew 6.03x across the window)
  r23.1 baseline 1024B disabled rep 4 disk=slow(1.631ms) baseline rate=750/s payload=1024B | achieved=811/s (108.1%) | err=0.00% | p50=1186.815ms p99=4280.319ms p99.9=4358.143ms max=4369.486ms | leaderCPU=37% ELU=0.994 fsync/s=804.9 meta/s=149.7 AE/s=169.6 | genLagP99=0.031ms | UNSTABLE(p99 4280.319 ms)
  r23.2 optimized-binary 1024B disabled rep 4 disk=fast(0.295ms) optimized-binary rate=750/s payload=1024B | achieved=749.6/s (100.0%) | err=0.00% | p50=7.987ms p99=14.903ms p99.9=17.135ms max=19.378ms | leaderCPU=24.9% ELU=0.929 fsync/s=359.8 meta/s=9.4 AE/s=980.3 | genLagP99=0.029ms | STABLE
  r23.3 group-commit 1024B disabled rep 4 disk=slow(1.607ms) group-commit rate=750/s payload=1024B | achieved=749.6/s (99.9%) | err=0.00% | p50=7.903ms p99=14.671ms p99.9=17.279ms max=19.269ms | leaderCPU=40.9% ELU=0.931 fsync/s=451.6 meta/s=9.6 AE/s=580.5 | genLagP99=0.04ms | STABLE
  r23.4 optimized-http 1024B disabled rep 4 disk=slow(1.642ms) optimized-http rate=750/s payload=1024B | achieved=749.8/s (100.0%) | err=0.00% | p50=9.583ms p99=16.879ms p99.9=19.871ms max=23.814ms | leaderCPU=34.9% ELU=1 fsync/s=266.8 meta/s=9.4 AE/s=859.5 | genLagP99=0.029ms | STABLE
  r23.5 batch-only 1024B disabled rep 4 disk=slow(1.68ms) batch-only rate=750/s payload=1024B | achieved=681.7/s (90.9%) | err=0.00% | p50=9.775ms p99=2889.727ms p99.9=2963.455ms max=2976.384ms | leaderCPU=43.4% ELU=1 fsync/s=687.4 meta/s=266.9 AE/s=266.9 | genLagP99=0.046ms | UNSTABLE(achieved 90.9% of offered; p99 2889.727 ms; latency grew 191.96x across the window)
  r23.6 group-batch-pipeline 1024B disabled rep 4 disk=slow(1.61ms) group-batch-pipeline rate=750/s payload=1024B | achieved=750.1/s (100.0%) | err=0.00% | p50=9.863ms p99=17.823ms p99.9=20.271ms max=21.643ms | leaderCPU=36.7% ELU=1 fsync/s=257.6 meta/s=9.3 AE/s=846.3 | genLagP99=0.024ms | STABLE
  r23.7 group-batch 1024B disabled rep 4 disk=slow(1.821ms) group-batch rate=750/s payload=1024B | achieved=750.3/s (100.0%) | err=0.00% | p50=8.215ms p99=15.519ms p99.9=18.895ms max=20.793ms | leaderCPU=33.9% ELU=0.979 fsync/s=373.9 meta/s=9.6 AE/s=411.1 | genLagP99=0.025ms | STABLE
  r24.0 baseline 1024B disabled rep 5 disk=fast(0.376ms) baseline rate=750/s payload=1024B | achieved=667.6/s (89.0%) | err=0.00% | p50=10.455ms p99=3774.463ms p99.9=3854.335ms max=3893.27ms | leaderCPU=44.2% ELU=0.998 fsync/s=674.1 meta/s=237.3 AE/s=241.2 | genLagP99=0.05ms | UNSTABLE(achieved 89% of offered; p99 3774.463 ms; latency grew 217.54x across the window)
  r24.1 group-commit 1024B disabled rep 5 disk=slow(1.734ms) group-commit rate=750/s payload=1024B | achieved=749.9/s (100.0%) | err=0.00% | p50=9.295ms p99=15.919ms p99.9=20.159ms max=23.677ms | leaderCPU=27% ELU=1 fsync/s=302.6 meta/s=9.4 AE/s=312.5 | genLagP99=0.033ms | STABLE
  r24.2 transport-only 1024B disabled rep 5 disk=slow(1.68ms) transport-only rate=750/s payload=1024B | achieved=512/s (68.3%) | err=22.86% | p50=7393.279ms p99=10002.431ms p99.9=10010.623ms max=10017.133ms | leaderCPU=17.3% ELU=1 fsync/s=511.9 meta/s=8 AE/s=16 | genLagP99=0.037ms | UNSTABLE(achieved 68.3% of offered; error rate 22.86%; p99 10002.431 ms)
  r24.3 batch-only 1024B disabled rep 5 disk=slow(1.668ms) batch-only rate=750/s payload=1024B | achieved=814.8/s (108.6%) | err=0.00% | p50=339.455ms p99=4007.935ms p99.9=4089.855ms max=4107.318ms | leaderCPU=41.9% ELU=1 fsync/s=808.5 meta/s=164.3 AE/s=171.4 | genLagP99=0.062ms | UNSTABLE(p99 4007.935 ms)
  r24.4 optimized-binary 1024B disabled rep 5 disk=fast(0.361ms) optimized-binary rate=750/s payload=1024B | achieved=750/s (100.0%) | err=0.00% | p50=1.155ms p99=2.859ms p99.9=8.543ms max=18.419ms | leaderCPU=43.4% ELU=0.664 fsync/s=746.6 meta/s=9.8 AE/s=1493.8 | genLagP99=0.067ms | STABLE
  r24.5 group-batch 1024B disabled rep 5 disk=fast(0.331ms) group-batch rate=750/s payload=1024B | achieved=750.1/s (100.0%) | err=0.00% | p50=9.263ms p99=19.951ms p99.9=129.919ms max=141.591ms | leaderCPU=30.4% ELU=1 fsync/s=309.1 meta/s=9.4 AE/s=309.5 | genLagP99=0.07ms | STABLE
  r24.6 optimized-http 1024B disabled rep 5 disk=slow(1.752ms) optimized-http rate=750/s payload=1024B | achieved=750.1/s (100.0%) | err=0.00% | p50=9.127ms p99=18.015ms p99.9=29.279ms max=34.749ms | leaderCPU=49.6% ELU=0.96 fsync/s=393.8 meta/s=9.5 AE/s=1063 | genLagP99=0.052ms | STABLE
  r24.7 group-batch-pipeline 1024B disabled rep 5 disk=slow(1.841ms) group-batch-pipeline rate=750/s payload=1024B | achieved=750.4/s (100.1%) | err=0.00% | p50=8.791ms p99=19.183ms p99.9=28.735ms max=37.858ms | leaderCPU=56.6% ELU=0.947 fsync/s=442.4 meta/s=9.6 AE/s=1123.5 | genLagP99=0.055ms | STABLE
  transport-only@1024B stops at 750/s (streak=2, mean achieved ratio=0.717)
  baseline@64B stops at 750/s (streak=2, mean achieved ratio=0.863)
  baseline@16384B stops at 750/s (streak=2, mean achieved ratio=0.802)
rung 1000/s: baseline@1024B, group-commit@1024B, batch-only@1024B, group-batch@1024B, group-batch-pipeline@1024B, optimized-http@1024B, optimized-binary@1024B, optimized-http@64B, optimized-binary@64B, optimized-http@16384B, optimized-binary@16384B
  r25.0 group-batch 1024B disabled rep 1 disk=fast(0.33ms) group-batch rate=1000/s payload=1024B | achieved=999.4/s (99.9%) | err=0.00% | p50=2.299ms p99=11.647ms p99.9=30.543ms max=47.143ms | leaderCPU=58.3% ELU=0.91 fsync/s=948.5 meta/s=9.8 AE/s=1089.6 | genLagP99=0.046ms | STABLE
  r25.1 group-batch-pipeline 1024B disabled rep 1 disk=slow(1.787ms) group-batch-pipeline rate=1000/s payload=1024B | achieved=1000/s (100.0%) | err=0.00% | p50=10.919ms p99=19.071ms p99.9=23.631ms max=31.457ms | leaderCPU=45.2% ELU=1 fsync/s=233.9 meta/s=9.3 AE/s=882.5 | genLagP99=0.049ms | STABLE
  r25.2 batch-only 1024B disabled rep 1 disk=slow(1.632ms) batch-only rate=1000/s payload=1024B | achieved=1049/s (104.9%) | err=0.00% | p50=12.375ms p99=1529.855ms p99.9=1680.383ms max=1695.202ms | leaderCPU=52.1% ELU=1 fsync/s=1051.7 meta/s=221.6 AE/s=224.6 | genLagP99=0.051ms | UNSTABLE(p99 1529.855 ms)
  r25.3 optimized-http 1024B disabled rep 1 disk=slow(1.863ms) optimized-http rate=1000/s payload=1024B | achieved=999.2/s (99.9%) | err=0.07% | p50=15.143ms p99=5849.087ms p99.9=5976.063ms max=5991.942ms | leaderCPU=39.4% ELU=1 fsync/s=137.1 meta/s=6.5 AE/s=550.6 | genLagP99=2961.407ms | UNSTABLE(p99 5849.087 ms)
  r25.4 group-commit 1024B disabled rep 1 disk=slow(1.675ms) group-commit rate=1000/s payload=1024B | achieved=999.9/s (100.0%) | err=0.00% | p50=10.375ms p99=21.119ms p99.9=37.887ms max=45.665ms | leaderCPU=34.1% ELU=1 fsync/s=295.9 meta/s=9.4 AE/s=301 | genLagP99=0.048ms | STABLE
  r25.5 optimized-binary 1024B disabled rep 1 disk=slow(1.693ms) optimized-binary rate=1000/s payload=1024B | achieved=1000/s (100.0%) | err=0.00% | p50=8.527ms p99=19.359ms p99.9=60.159ms max=76.693ms | leaderCPU=30.7% ELU=0.992 fsync/s=319.6 meta/s=9.4 AE/s=922.3 | genLagP99=0.065ms | STABLE
  r25.6 baseline 1024B disabled rep 1 disk=fast(0.393ms) baseline rate=1000/s payload=1024B | achieved=284.2/s (28.4%) | err=81.88% | p50=6201.343ms p99=10002.431ms p99.9=10002.431ms max=10023.138ms | leaderCPU=13.9% ELU=1 fsync/s=303.9 meta/s=7.3 AE/s=9.9 | genLagP99=1.075ms | UNSTABLE(achieved 28.4% of offered; error rate 81.88%; p99 10002.431 ms)
  r25.7 optimized-http 64B disabled rep 1 disk=slow(2.225ms) optimized-http rate=1000/s payload=64B | achieved=1000/s (100.0%) | err=0.00% | p50=9.735ms p99=18.911ms p99.9=33.343ms max=42.556ms | leaderCPU=39.2% ELU=1 fsync/s=265.4 meta/s=9.3 AE/s=864.3 | genLagP99=0.049ms | STABLE
  r25.8 optimized-binary 16384B disabled rep 1 disk=slow(1.798ms) optimized-binary rate=1000/s payload=16384B | achieved=1000.5/s (100.1%) | err=0.00% | p50=1.864ms p99=15.655ms p99.9=23.295ms max=28.257ms | leaderCPU=53.9% ELU=0.903 fsync/s=826.2 meta/s=9.8 AE/s=1729.9 | genLagP99=0.038ms | STABLE
  r25.9 optimized-binary 64B disabled rep 1 disk=fast(0.334ms) optimized-binary rate=1000/s payload=64B | achieved=999.4/s (99.9%) | err=0.00% | p50=1.333ms p99=12.479ms p99.9=32.895ms max=46.552ms | leaderCPU=36.1% ELU=0.745 fsync/s=862.1 meta/s=9.8 AE/s=1766.8 | genLagP99=0.046ms | STABLE
  r25.10 optimized-http 16384B disabled rep 1 disk=slow(1.866ms) optimized-http rate=1000/s payload=16384B | achieved=1000/s (100.0%) | err=0.00% | p50=13.727ms p99=25.055ms p99.9=49.375ms max=67.521ms | leaderCPU=57.1% ELU=1 fsync/s=180.4 meta/s=9.3 AE/s=758.5 | genLagP99=0.049ms | STABLE
  r26.0 group-batch-pipeline 1024B disabled rep 2 disk=slow(1.675ms) group-batch-pipeline rate=1000/s payload=1024B | achieved=1000/s (100.0%) | err=0.00% | p50=11.039ms p99=20.223ms p99.9=40.767ms max=47.863ms | leaderCPU=40.9% ELU=1 fsync/s=233.1 meta/s=9.3 AE/s=836 | genLagP99=0.045ms | STABLE
  r26.1 optimized-http 1024B disabled rep 2 disk=slow(1.656ms) optimized-http rate=1000/s payload=1024B | achieved=1000.1/s (100.0%) | err=0.00% | p50=2.703ms p99=9.055ms p99.9=34.687ms max=47.386ms | leaderCPU=74.9% ELU=0.999 fsync/s=806.8 meta/s=9.8 AE/s=1833.2 | genLagP99=0.038ms | STABLE
  r26.2 group-batch 1024B disabled rep 2 disk=fast(0.301ms) group-batch rate=1000/s payload=1024B | achieved=1000.3/s (100.0%) | err=0.00% | p50=9.743ms p99=23.055ms p99.9=52.703ms max=71.001ms | leaderCPU=29.2% ELU=1 fsync/s=299.4 meta/s=9.4 AE/s=297.9 | genLagP99=0.038ms | STABLE
  r26.3 optimized-binary 1024B disabled rep 2 disk=slow(1.808ms) optimized-binary rate=1000/s payload=1024B | achieved=1000.6/s (100.1%) | err=0.00% | p50=6.091ms p99=14.711ms p99.9=27.503ms max=39.925ms | leaderCPU=38.1% ELU=0.907 fsync/s=587.1 meta/s=9.6 AE/s=1364.9 | genLagP99=0.041ms | STABLE
  r26.4 batch-only 1024B disabled rep 2 disk=fast(0.346ms) batch-only rate=1000/s payload=1024B | achieved=520.4/s (52.0%) | err=30.81% | p50=7090.175ms p99=10002.431ms p99.9=10002.431ms max=10021.909ms | leaderCPU=15.9% ELU=1 fsync/s=520.8 meta/s=12.2 AE/s=12.2 | genLagP99=0.033ms | UNSTABLE(achieved 52% of offered; error rate 30.81%; p99 10002.431 ms; latency grew 2.78x across the window)
  r26.5 optimized-http 64B disabled rep 2 disk=slow(1.67ms) optimized-http rate=1000/s payload=64B | achieved=1000/s (100.0%) | err=0.00% | p50=8.107ms p99=17.295ms p99.9=35.615ms max=48.315ms | leaderCPU=51% ELU=1 fsync/s=441 meta/s=9.6 AE/s=1245.5 | genLagP99=0.054ms | STABLE
  r26.6 group-commit 1024B disabled rep 2 disk=slow(1.68ms) group-commit rate=1000/s payload=1024B | achieved=1000/s (100.0%) | err=0.00% | p50=9.887ms p99=18.943ms p99.9=36.863ms max=43.458ms | leaderCPU=34.6% ELU=1 fsync/s=298.8 meta/s=9.4 AE/s=306.6 | genLagP99=0.052ms | STABLE
  r26.7 optimized-binary 64B disabled rep 2 disk=slow(1.828ms) optimized-binary rate=1000/s payload=64B | achieved=1000/s (100.0%) | err=0.00% | p50=8.075ms p99=15.783ms p99.9=32.159ms max=43.121ms | leaderCPU=21.6% ELU=1 fsync/s=298.5 meta/s=9.4 AE/s=902.1 | genLagP99=0.052ms | STABLE
  r26.8 baseline 1024B disabled rep 2 disk=slow(1.696ms) baseline rate=1000/s payload=1024B | achieved=469.6/s (47.0%) | err=50.31% | p50=7692.287ms p99=10002.431ms p99.9=10002.431ms max=10027.195ms | leaderCPU=19.4% ELU=1 fsync/s=496 meta/s=8.1 AE/s=16.2 | genLagP99=0.528ms | UNSTABLE(achieved 47% of offered; error rate 50.31%; p99 10002.431 ms)
  r26.9 optimized-http 16384B disabled rep 2 disk=slow(1.81ms) optimized-http rate=1000/s payload=16384B | achieved=999.9/s (100.0%) | err=0.00% | p50=13.311ms p99=23.519ms p99.9=36.511ms max=50.717ms | leaderCPU=59.4% ELU=1 fsync/s=186.1 meta/s=9.3 AE/s=793.5 | genLagP99=0.061ms | STABLE
  r26.10 optimized-binary 16384B disabled rep 2 disk=slow(1.676ms) optimized-binary rate=1000/s payload=16384B | achieved=1000.4/s (100.0%) | err=0.00% | p50=1.844ms p99=15.247ms p99.9=33.855ms max=49.548ms | leaderCPU=53.9% ELU=0.905 fsync/s=779 meta/s=9.8 AE/s=1661.3 | genLagP99=0.038ms | STABLE
  r27.0 optimized-http 1024B disabled rep 3 disk=fast(0.311ms) optimized-http rate=1000/s payload=1024B | achieved=1000/s (100.0%) | err=0.00% | p50=10.535ms p99=19.487ms p99.9=43.423ms max=58.99ms | leaderCPU=42% ELU=1 fsync/s=242 meta/s=9.3 AE/s=896.8 | genLagP99=0.057ms | STABLE
  r27.1 optimized-binary 1024B disabled rep 3 disk=slow(1.839ms) optimized-binary rate=1000/s payload=1024B | achieved=999.8/s (100.0%) | err=0.00% | p50=8.407ms p99=15.407ms p99.9=18.335ms max=22.35ms | leaderCPU=23.8% ELU=1 fsync/s=292.9 meta/s=9.4 AE/s=914 | genLagP99=0.039ms | STABLE
  r27.2 group-batch-pipeline 1024B disabled rep 3 disk=slow(1.626ms) group-batch-pipeline rate=1000/s payload=1024B | achieved=999.7/s (100.0%) | err=0.00% | p50=8.911ms p99=17.167ms p99.9=20.751ms max=25.658ms | leaderCPU=50.9% ELU=0.989 fsync/s=429 meta/s=9.5 AE/s=1116.6 | genLagP99=0.048ms | STABLE
  r27.3 optimized-http 64B disabled rep 3 disk=slow(1.695ms) optimized-http rate=1000/s payload=64B | achieved=999.5/s (100.0%) | err=0.00% | p50=2.717ms p99=10.183ms p99.9=19.679ms max=29.79ms | leaderCPU=72.4% ELU=0.998 fsync/s=819.5 meta/s=9.8 AE/s=1821.7 | genLagP99=0.044ms | STABLE
  r27.4 group-batch 1024B disabled rep 3 disk=slow(1.879ms) group-batch rate=1000/s payload=1024B | achieved=1000/s (100.0%) | err=0.00% | p50=9.303ms p99=17.007ms p99.9=23.295ms max=34.94ms | leaderCPU=28.8% ELU=1 fsync/s=312.4 meta/s=9.5 AE/s=311.9 | genLagP99=0.056ms | STABLE
  r27.5 optimized-binary 64B disabled rep 3 disk=slow(1.866ms) optimized-binary rate=1000/s payload=64B | achieved=1000/s (100.0%) | err=0.00% | p50=7.223ms p99=15.535ms p99.9=17.695ms max=21.303ms | leaderCPU=31.7% ELU=0.91 fsync/s=522.1 meta/s=9.5 AE/s=1280.8 | genLagP99=0.045ms | STABLE
  r27.6 batch-only 1024B disabled rep 3 disk=slow(1.885ms) batch-only rate=1000/s payload=1024B | achieved=1040/s (104.0%) | err=0.00% | p50=5222.399ms p99=8142.847ms p99.9=8216.575ms max=8233.065ms | leaderCPU=29.7% ELU=1 fsync/s=1040 meta/s=16.3 AE/s=32.5 | genLagP99=0.051ms | UNSTABLE(p99 8142.847 ms)
  r27.7 optimized-http 16384B disabled rep 3 disk=fast(0.322ms) optimized-http rate=1000/s payload=16384B | achieved=999.4/s (99.9%) | err=0.00% | p50=4.231ms p99=20.623ms p99.9=26.575ms max=30.61ms | leaderCPU=75.5% ELU=1 fsync/s=490.2 meta/s=9.7 AE/s=1564.8 | genLagP99=0.068ms | STABLE
  r27.8 group-commit 1024B disabled rep 3 disk=slow(1.976ms) group-commit rate=1000/s payload=1024B | achieved=1000.4/s (100.0%) | err=0.00% | p50=8.287ms p99=15.335ms p99.9=18.959ms max=21.992ms | leaderCPU=41.9% ELU=0.957 fsync/s=539.1 meta/s=9.6 AE/s=573 | genLagP99=0.044ms | STABLE
  r27.9 optimized-binary 16384B disabled rep 3 disk=fast(0.35ms) optimized-binary rate=1000/s payload=16384B | achieved=999.9/s (100.0%) | err=0.00% | p50=8.951ms p99=16.863ms p99.9=21.039ms max=25.733ms | leaderCPU=34.4% ELU=1 fsync/s=272.3 meta/s=9.3 AE/s=932.5 | genLagP99=0.056ms | STABLE
  r27.10 baseline 1024B disabled rep 3 disk=slow(1.727ms) baseline rate=1000/s payload=1024B | achieved=1084.8/s (108.5%) | err=0.00% | p50=5472.255ms p99=8855.551ms p99.9=8921.087ms max=8942.374ms | leaderCPU=27.9% ELU=1 fsync/s=1084.8 meta/s=16.9 AE/s=33.9 | genLagP99=0.048ms | UNSTABLE(p99 8855.551 ms)
  r28.0 baseline 1024B disabled rep 4 disk=fast(0.299ms) baseline rate=1000/s payload=1024B | achieved=867.8/s (86.8%) | err=0.00% | p50=11.919ms p99=6914.047ms p99.9=7147.519ms max=7170.584ms | leaderCPU=44% ELU=1 fsync/s=874.6 meta/s=228.9 AE/s=228.8 | genLagP99=0.043ms | UNSTABLE(achieved 86.8% of offered; p99 6914.047 ms; latency grew 324.87x across the window)
  r28.1 group-commit 1024B disabled rep 4 disk=slow(1.787ms) group-commit rate=1000/s payload=1024B | achieved=1000/s (100.0%) | err=0.00% | p50=9.295ms p99=16.207ms p99.9=20.991ms max=30.775ms | leaderCPU=30.8% ELU=1 fsync/s=313.6 meta/s=9.5 AE/s=322.1 | genLagP99=0.028ms | STABLE
  r28.2 optimized-binary 1024B disabled rep 4 disk=slow(1.634ms) optimized-binary rate=1000/s payload=1024B | achieved=1000.4/s (100.0%) | err=0.00% | p50=0.948ms p99=10.639ms p99.9=15.223ms max=18.583ms | leaderCPU=37.7% ELU=0.727 fsync/s=927.9 meta/s=9.8 AE/s=1888.2 | genLagP99=0.011ms | STABLE
  r28.3 batch-only 1024B disabled rep 4 disk=fast(0.318ms) batch-only rate=1000/s payload=1024B | achieved=521.3/s (52.1%) | err=36.35% | p50=6402.047ms p99=10002.431ms p99.9=10002.431ms max=10010.991ms | leaderCPU=17.2% ELU=1 fsync/s=539.6 meta/s=12.8 AE/s=12.8 | genLagP99=0.06ms | UNSTABLE(achieved 52.1% of offered; error rate 36.35%; p99 10002.431 ms)
  r28.4 optimized-http 1024B disabled rep 4 disk=slow(1.625ms) optimized-http rate=1000/s payload=1024B | achieved=1000.4/s (100.0%) | err=0.00% | p50=2.647ms p99=15.135ms p99.9=18.223ms max=21.062ms | leaderCPU=56% ELU=0.982 fsync/s=672.5 meta/s=9.7 AE/s=1517.1 | genLagP99=0.017ms | STABLE
  r28.5 group-batch 1024B disabled rep 4 disk=fast(0.3ms) group-batch rate=1000/s payload=1024B | achieved=1000/s (100.0%) | err=0.00% | p50=2.075ms p99=5.207ms p99.9=9.623ms max=14.554ms | leaderCPU=55.6% ELU=0.827 fsync/s=980.6 meta/s=9.8 AE/s=1049 | genLagP99=0.036ms | STABLE
  r28.6 group-batch-pipeline 1024B disabled rep 4 disk=slow(1.622ms) group-batch-pipeline rate=1000/s payload=1024B | achieved=1000.3/s (100.0%) | err=0.00% | p50=9.687ms p99=18.095ms p99.9=23.135ms max=31.333ms | leaderCPU=40.2% ELU=1 fsync/s=262.3 meta/s=9.3 AE/s=853.1 | genLagP99=0.028ms | STABLE
  r29.0 group-commit 1024B disabled rep 5 disk=slow(1.798ms) group-commit rate=1000/s payload=1024B | achieved=1000.4/s (100.0%) | err=0.00% | p50=7.679ms p99=14.071ms p99.9=16.311ms max=19.794ms | leaderCPU=40.9% ELU=0.934 fsync/s=584.7 meta/s=9.7 AE/s=605.1 | genLagP99=0.023ms | STABLE
  r29.1 batch-only 1024B disabled rep 5 disk=fast(0.309ms) batch-only rate=1000/s payload=1024B | achieved=959.5/s (95.9%) | err=0.00% | p50=12.503ms p99=1579.007ms p99.9=1690.623ms max=1708.56ms | leaderCPU=53.6% ELU=1 fsync/s=965.5 meta/s=235.2 AE/s=235.2 | genLagP99=0.058ms | UNSTABLE(achieved 95.9% of offered; p99 1579.007 ms)
  r29.2 baseline 1024B disabled rep 5 disk=slow(1.832ms) baseline rate=1000/s payload=1024B | achieved=477.6/s (47.8%) | err=35.89% | p50=5832.703ms p99=10002.431ms p99.9=10002.431ms max=10016.188ms | leaderCPU=18.6% ELU=1 fsync/s=503.5 meta/s=8.2 AE/s=16.4 | genLagP99=0.444ms | UNSTABLE(achieved 47.8% of offered; error rate 35.89%; p99 10002.431 ms)
  r29.3 group-batch 1024B disabled rep 5 disk=fast(0.33ms) group-batch rate=1000/s payload=1024B | achieved=999.6/s (100.0%) | err=0.00% | p50=2.773ms p99=14.591ms p99.9=18.991ms max=24.519ms | leaderCPU=61.1% ELU=0.922 fsync/s=865 meta/s=9.8 AE/s=887.4 | genLagP99=0.075ms | STABLE
  r29.4 optimized-binary 1024B disabled rep 5 disk=slow(1.862ms) optimized-binary rate=1000/s payload=1024B | achieved=1000.4/s (100.0%) | err=0.00% | p50=8.495ms p99=15.823ms p99.9=21.471ms max=30.639ms | leaderCPU=31.8% ELU=1 fsync/s=289.1 meta/s=9.3 AE/s=894.4 | genLagP99=0.065ms | STABLE
  r29.5 group-batch-pipeline 1024B disabled rep 5 disk=slow(1.67ms) group-batch-pipeline rate=1000/s payload=1024B | achieved=1000/s (100.0%) | err=0.00% | p50=10.879ms p99=18.543ms p99.9=21.823ms max=25.834ms | leaderCPU=43.6% ELU=1 fsync/s=237.9 meta/s=9.4 AE/s=900.7 | genLagP99=0.054ms | STABLE
  r29.6 optimized-http 1024B disabled rep 5 disk=slow(1.867ms) optimized-http rate=1000/s payload=1024B | achieved=1000/s (100.0%) | err=0.00% | p50=10.663ms p99=18.687ms p99.9=23.439ms max=26.873ms | leaderCPU=42.4% ELU=1 fsync/s=239.7 meta/s=9.3 AE/s=852.5 | genLagP99=0.061ms | STABLE
  baseline@1024B stops at 1000/s (streak=2, mean achieved ratio=0.637)
  batch-only@1024B stops at 1000/s (streak=2, mean achieved ratio=0.818)
rung 1500/s: group-commit@1024B, group-batch@1024B, group-batch-pipeline@1024B, optimized-http@1024B, optimized-binary@1024B, optimized-http@64B, optimized-binary@64B, optimized-http@16384B, optimized-binary@16384B
  r30.0 optimized-binary 16384B disabled rep 1 disk=slow(1.703ms) optimized-binary rate=1500/s payload=16384B | achieved=1500.3/s (100.0%) | err=0.00% | p50=3.269ms p99=17.519ms p99.9=23.759ms max=28.514ms | leaderCPU=67.3% ELU=1 fsync/s=622.6 meta/s=9.7 AE/s=1693.5 | genLagP99=0.077ms | STABLE
  r30.1 optimized-http 16384B disabled rep 1 disk=fast(0.38ms) optimized-http rate=1500/s payload=16384B | achieved=1500.3/s (100.0%) | err=0.00% | p50=13.887ms p99=26.159ms p99.9=31.919ms max=36.074ms | leaderCPU=77.7% ELU=1 fsync/s=171.8 meta/s=9.4 AE/s=1174 | genLagP99=0.05ms | STABLE
  r30.2 group-commit 1024B disabled rep 1 disk=slow(1.89ms) group-commit rate=1500/s payload=1024B | achieved=1501/s (100.1%) | err=0.00% | p50=10.735ms p99=19.887ms p99.9=27.727ms max=34.874ms | leaderCPU=38.7% ELU=1 fsync/s=283.1 meta/s=9.3 AE/s=293.9 | genLagP99=0.051ms | STABLE
  r30.3 optimized-binary 64B disabled rep 1 disk=slow(1.705ms) optimized-binary rate=1500/s payload=64B | achieved=1500.3/s (100.0%) | err=0.00% | p50=1.758ms p99=12.639ms p99.9=16.135ms max=18.668ms | leaderCPU=48.7% ELU=0.995 fsync/s=1147.8 meta/s=9.8 AE/s=2463.2 | genLagP99=0.032ms | STABLE
  r30.4 group-batch 1024B disabled rep 1 disk=fast(0.353ms) group-batch rate=1500/s payload=1024B | achieved=1500.6/s (100.0%) | err=0.00% | p50=10.583ms p99=17.407ms p99.9=20.511ms max=22.994ms | leaderCPU=36.6% ELU=1 fsync/s=292.6 meta/s=9.3 AE/s=292.2 | genLagP99=0.052ms | STABLE
  r30.5 optimized-http 64B disabled rep 1 disk=slow(1.751ms) optimized-http rate=1500/s payload=64B | achieved=1499.8/s (100.0%) | err=0.00% | p50=11.503ms p99=18.927ms p99.9=24.543ms max=34.258ms | leaderCPU=40.6% ELU=1 fsync/s=218.8 meta/s=9.3 AE/s=851.6 | genLagP99=0.052ms | STABLE
  r30.6 group-batch-pipeline 1024B disabled rep 1 disk=slow(1.869ms) group-batch-pipeline rate=1500/s payload=1024B | achieved=1500.9/s (100.1%) | err=0.00% | p50=10.623ms p99=18.671ms p99.9=21.519ms max=26.251ms | leaderCPU=63.3% ELU=1 fsync/s=292.9 meta/s=9.5 AE/s=1439.7 | genLagP99=0.048ms | STABLE
  r30.7 optimized-binary 1024B disabled rep 1 disk=fast(0.338ms) optimized-binary rate=1500/s payload=1024B | achieved=1499.2/s (99.9%) | err=0.00% | p50=2.041ms p99=15.391ms p99.9=19.055ms max=23.191ms | leaderCPU=42% ELU=0.993 fsync/s=884.6 meta/s=9.7 AE/s=1984.2 | genLagP99=0.047ms | STABLE
  r30.8 optimized-http 1024B disabled rep 1 disk=slow(1.762ms) optimized-http rate=1500/s payload=1024B | achieved=1500/s (100.0%) | err=0.00% | p50=11.511ms p99=19.743ms p99.9=22.959ms max=25.536ms | leaderCPU=57.8% ELU=1 fsync/s=270.2 meta/s=9.4 AE/s=1213.3 | genLagP99=0.06ms | STABLE
  r31.0 group-commit 1024B disabled rep 2 disk=slow(1.715ms) group-commit rate=1500/s payload=1024B | achieved=1500.5/s (100.0%) | err=0.00% | p50=3.067ms p99=15.391ms p99.9=19.807ms max=26.41ms | leaderCPU=63.8% ELU=1 fsync/s=876.1 meta/s=9.8 AE/s=839.1 | genLagP99=0.058ms | STABLE
